delete CoatingComponentInput
delete CoatingComponent
delete Machine
delete MixTypeVessel
delete MixType
delete Vessel
insert Vessel (VesselName, MinBatchCapacityGallons, MaxBatchCapacityGallons, IsInventoried, CanBeUsedForMix, SolventFactor, IsActive, CreatedDate, CreatedByUserId, LastUpdatedDate, LastUpdatedByUserId) values ('100-Gallon Ross', 5.000, 75.000, 0, 1, NULL, 1, '2022-06-06T14:23:29', 'admin', '2022-06-22T15:46:42', 'Michelle Saito')
insert Vessel (VesselName, MinBatchCapacityGallons, MaxBatchCapacityGallons, IsInventoried, CanBeUsedForMix, SolventFactor, IsActive, CreatedDate, CreatedByUserId, LastUpdatedDate, LastUpdatedByUserId) values ('200-Gallon Ross', 50.000, 170.000, 0, 1, NULL, 1, '2022-06-06T14:23:29', 'admin', '2022-06-06T14:23:29', 'admin')
insert Vessel (VesselName, MinBatchCapacityGallons, MaxBatchCapacityGallons, IsInventoried, CanBeUsedForMix, SolventFactor, IsActive, CreatedDate, CreatedByUserId, LastUpdatedDate, LastUpdatedByUserId) values ('40-Gallon Ross', 5.000, 40.000, 0, 1, NULL, 1, '2022-06-06T14:23:29', 'admin', '2022-06-06T14:23:29', 'admin')
insert Vessel (VesselName, MinBatchCapacityGallons, MaxBatchCapacityGallons, IsInventoried, CanBeUsedForMix, SolventFactor, IsActive, CreatedDate, CreatedByUserId, LastUpdatedDate, LastUpdatedByUserId) values ('5-Gallon Bucket', 0.000, 5.000, 0, 1, NULL, 1, '2022-06-06T14:23:29', 'admin', '2022-06-06T14:23:29', 'admin')
insert Vessel (VesselName, MinBatchCapacityGallons, MaxBatchCapacityGallons, IsInventoried, CanBeUsedForMix, SolventFactor, IsActive, CreatedDate, CreatedByUserId, LastUpdatedDate, LastUpdatedByUserId) values ('55-Gallon Metal Drum', 15.000, 55.000, 0, 1, NULL, 1, '2022-06-06T14:23:29', 'admin', '2022-06-06T14:23:29', 'admin')
insert Vessel (VesselName, MinBatchCapacityGallons, MaxBatchCapacityGallons, IsInventoried, CanBeUsedForMix, SolventFactor, IsActive, CreatedDate, CreatedByUserId, LastUpdatedDate, LastUpdatedByUserId) values ('55-Gallon Plastic Drum', 15.000, 55.000, 0, 1, NULL, 1, '2022-06-06T14:23:29', 'admin', '2022-06-06T14:23:29', 'admin')
insert Vessel (VesselName, MinBatchCapacityGallons, MaxBatchCapacityGallons, IsInventoried, CanBeUsedForMix, SolventFactor, IsActive, CreatedDate, CreatedByUserId, LastUpdatedDate, LastUpdatedByUserId) values ('Arrested Master Tank L', 104.000, 208.000, 0, 1, NULL, 1, '2022-06-06T14:23:29', 'admin', '2022-06-06T14:23:29', 'admin')
insert Vessel (VesselName, MinBatchCapacityGallons, MaxBatchCapacityGallons, IsInventoried, CanBeUsedForMix, SolventFactor, IsActive, CreatedDate, CreatedByUserId, LastUpdatedDate, LastUpdatedByUserId) values ('Arrested Mater Tank R', 104.000, 208.000, 0, 1, NULL, 1, '2022-06-06T14:23:29', 'admin', '2022-06-06T14:23:29', 'admin')
insert Vessel (VesselName, MinBatchCapacityGallons, MaxBatchCapacityGallons, IsInventoried, CanBeUsedForMix, SolventFactor, IsActive, CreatedDate, CreatedByUserId, LastUpdatedDate, LastUpdatedByUserId) values ('Bando Morrison', 50.000, 1000.000, 1, 1, 0.8110, 1, '2022-06-06T14:23:29', 'admin', '2022-06-06T14:23:29', 'admin')
insert Vessel (VesselName, MinBatchCapacityGallons, MaxBatchCapacityGallons, IsInventoried, CanBeUsedForMix, SolventFactor, IsActive, CreatedDate, CreatedByUserId, LastUpdatedDate, LastUpdatedByUserId) values ('Blue Tower', 25.000, 900.000, 1, 1, 0.8590, 1, '2022-06-06T14:23:29', 'admin', '2022-06-06T14:23:29', 'admin')
insert Vessel (VesselName, MinBatchCapacityGallons, MaxBatchCapacityGallons, IsInventoried, CanBeUsedForMix, SolventFactor, IsActive, CreatedDate, CreatedByUserId, LastUpdatedDate, LastUpdatedByUserId) values ('Drum', 5.000, 50.000, 0, 1, NULL, 1, '2022-06-06T14:23:29', 'admin', '2022-06-06T14:23:29', 'admin')
insert Vessel (VesselName, MinBatchCapacityGallons, MaxBatchCapacityGallons, IsInventoried, CanBeUsedForMix, SolventFactor, IsActive, CreatedDate, CreatedByUserId, LastUpdatedDate, LastUpdatedByUserId) values ('Hard Neo UG', 100.000, 3700.000, 1, 1, 0.7720, 1, '2022-06-06T14:23:29', 'admin', '2022-06-06T14:23:29', 'admin')
insert Vessel (VesselName, MinBatchCapacityGallons, MaxBatchCapacityGallons, IsInventoried, CanBeUsedForMix, SolventFactor, IsActive, CreatedDate, CreatedByUserId, LastUpdatedDate, LastUpdatedByUserId) values ('LCF Dip Drum', 25.130, 50.260, 0, 1, NULL, 1, '2022-06-06T14:23:29', 'admin', '2022-06-06T14:23:29', 'admin')
insert Vessel (VesselName, MinBatchCapacityGallons, MaxBatchCapacityGallons, IsInventoried, CanBeUsedForMix, SolventFactor, IsActive, CreatedDate, CreatedByUserId, LastUpdatedDate, LastUpdatedByUserId) values ('Natural UG', 100.000, 3700.000, 1, 1, 0.7400, 1, '2022-06-06T14:23:29', 'admin', '2022-06-06T14:23:29', 'admin')
insert Vessel (VesselName, MinBatchCapacityGallons, MaxBatchCapacityGallons, IsInventoried, CanBeUsedForMix, SolventFactor, IsActive, CreatedDate, CreatedByUserId, LastUpdatedDate, LastUpdatedByUserId) values ('PreSplit Urethane Drum', 10.000, 33.000, 0, 1, NULL, 1, '2022-06-06T14:23:29', 'admin', '2022-06-06T14:23:29', 'admin')
insert Vessel (VesselName, MinBatchCapacityGallons, MaxBatchCapacityGallons, IsInventoried, CanBeUsedForMix, SolventFactor, IsActive, CreatedDate, CreatedByUserId, LastUpdatedDate, LastUpdatedByUserId) values ('RFL Tank Black', 250.000, 1000.000, 0, 1, NULL, 1, '2022-06-06T14:23:29', 'admin', '2022-06-06T19:52:38', 'Michelle Saito')
insert Vessel (VesselName, MinBatchCapacityGallons, MaxBatchCapacityGallons, IsInventoried, CanBeUsedForMix, SolventFactor, IsActive, CreatedDate, CreatedByUserId, LastUpdatedDate, LastUpdatedByUserId) values ('RFL Tank Natural', 250.000, 1000.000, 0, 1, NULL, 1, '2022-06-06T14:23:29', 'admin', '2022-06-06T19:52:27', 'Michelle Saito')
insert Vessel (VesselName, MinBatchCapacityGallons, MaxBatchCapacityGallons, IsInventoried, CanBeUsedForMix, SolventFactor, IsActive, CreatedDate, CreatedByUserId, LastUpdatedDate, LastUpdatedByUserId) values ('Silver Tank', 72.250, 289.000, 0, 1, NULL, 1, '2022-06-06T14:23:29', 'admin', '2022-06-06T14:23:29', 'admin')
insert Vessel (VesselName, MinBatchCapacityGallons, MaxBatchCapacityGallons, IsInventoried, CanBeUsedForMix, SolventFactor, IsActive, CreatedDate, CreatedByUserId, LastUpdatedDate, LastUpdatedByUserId) values ('SPACEX LCF BLACK CHARGED DRUM', 22.030, 44.080, 0, 1, NULL, 1, '2022-06-06T14:23:29', 'admin', '2022-06-24T15:01:18', 'Michelle Saito')
insert Vessel (VesselName, MinBatchCapacityGallons, MaxBatchCapacityGallons, IsInventoried, CanBeUsedForMix, SolventFactor, IsActive, CreatedDate, CreatedByUserId, LastUpdatedDate, LastUpdatedByUserId) values ('SPACEX LCF BLACK PART A DRUM', 26.781, 26.781, 0, 1, NULL, 1, '2022-06-06T14:23:29', 'admin', '2022-06-24T15:00:43', 'Michelle Saito')
insert Vessel (VesselName, MinBatchCapacityGallons, MaxBatchCapacityGallons, IsInventoried, CanBeUsedForMix, SolventFactor, IsActive, CreatedDate, CreatedByUserId, LastUpdatedDate, LastUpdatedByUserId) values ('SPACEX WHITE CONDUCTIVE CHARGED DRUM', 22.129, 44.258, 0, 1, NULL, 1, '2022-06-06T14:23:29', 'admin', '2022-06-06T14:23:29', 'admin')
insert Vessel (VesselName, MinBatchCapacityGallons, MaxBatchCapacityGallons, IsInventoried, CanBeUsedForMix, SolventFactor, IsActive, CreatedDate, CreatedByUserId, LastUpdatedDate, LastUpdatedByUserId) values ('SPACEX WHITE CONDUCTIVE PART A DRUM', 33.574, 33.574, 0, 1, NULL, 1, '2022-06-06T14:23:29', 'admin', '2022-06-06T14:23:29', 'admin')
insert Vessel (VesselName, MinBatchCapacityGallons, MaxBatchCapacityGallons, IsInventoried, CanBeUsedForMix, SolventFactor, IsActive, CreatedDate, CreatedByUserId, LastUpdatedDate, LastUpdatedByUserId) values ('Struther''s Well 1', 250.000, 1000.000, 1, 1, 0.7760, 1, '2022-06-06T14:23:29', 'admin', '2022-10-12T17:52:50', 'Michelle Saito')
insert Vessel (VesselName, MinBatchCapacityGallons, MaxBatchCapacityGallons, IsInventoried, CanBeUsedForMix, SolventFactor, IsActive, CreatedDate, CreatedByUserId, LastUpdatedDate, LastUpdatedByUserId) values ('Struther''s Well 2', 250.000, 1000.000, 1, 1, 0.7760, 1, '2022-06-06T14:23:29', 'admin', '2022-10-12T17:52:59', 'Michelle Saito')
insert Vessel (VesselName, MinBatchCapacityGallons, MaxBatchCapacityGallons, IsInventoried, CanBeUsedForMix, SolventFactor, IsActive, CreatedDate, CreatedByUserId, LastUpdatedDate, LastUpdatedByUserId) values ('Surfactant Tank', 0.000, 175.000, 0, 1, NULL, 1, '2022-06-06T14:23:29', 'admin', '2022-06-06T14:23:29', 'admin')
insert Vessel (VesselName, MinBatchCapacityGallons, MaxBatchCapacityGallons, IsInventoried, CanBeUsedForMix, SolventFactor, IsActive, CreatedDate, CreatedByUserId, LastUpdatedDate, LastUpdatedByUserId) values ('SX Black Drum Part A', 26.780, 26.781, 0, 1, NULL, 1, '2022-06-24T15:00:16', 'Michelle Saito', '2022-06-24T15:00:16', 'Michelle Saito')
insert Vessel (VesselName, MinBatchCapacityGallons, MaxBatchCapacityGallons, IsInventoried, CanBeUsedForMix, SolventFactor, IsActive, CreatedDate, CreatedByUserId, LastUpdatedDate, LastUpdatedByUserId) values ('SX LCF BLACK DRUM', 22.000, 44.000, 0, 1, NULL, 0, '2022-06-06T14:23:29', 'admin', '2022-06-24T14:59:37', 'Michelle Saito')
insert Vessel (VesselName, MinBatchCapacityGallons, MaxBatchCapacityGallons, IsInventoried, CanBeUsedForMix, SolventFactor, IsActive, CreatedDate, CreatedByUserId, LastUpdatedDate, LastUpdatedByUserId) values ('SX SYLGARD DRUM PART A', 17.940, 17.940, 0, 1, NULL, 1, '2022-06-06T14:23:29', 'admin', '2022-06-06T14:23:29', 'admin')
insert Vessel (VesselName, MinBatchCapacityGallons, MaxBatchCapacityGallons, IsInventoried, CanBeUsedForMix, SolventFactor, IsActive, CreatedDate, CreatedByUserId, LastUpdatedDate, LastUpdatedByUserId) values ('SX SYLGARD TOP DRUM PART B', 21.090, 42.190, 0, 1, NULL, 1, '2022-06-06T14:23:29', 'admin', '2022-06-06T14:23:29', 'admin')
insert Vessel (VesselName, MinBatchCapacityGallons, MaxBatchCapacityGallons, IsInventoried, CanBeUsedForMix, SolventFactor, IsActive, CreatedDate, CreatedByUserId, LastUpdatedDate, LastUpdatedByUserId) values ('Sylgard Dip Drum', 26.480, 52.970, 0, 1, NULL, 1, '2022-06-06T14:23:29', 'admin', '2022-06-06T14:23:29', 'admin')
insert Vessel (VesselName, MinBatchCapacityGallons, MaxBatchCapacityGallons, IsInventoried, CanBeUsedForMix, SolventFactor, IsActive, CreatedDate, CreatedByUserId, LastUpdatedDate, LastUpdatedByUserId) values ('Urethane Buckets', 1.000, 3.300, 0, 1, NULL, 1, '2022-06-06T14:23:29', 'admin', '2022-06-06T14:23:29', 'admin')
insert Vessel (VesselName, MinBatchCapacityGallons, MaxBatchCapacityGallons, IsInventoried, CanBeUsedForMix, SolventFactor, IsActive, CreatedDate, CreatedByUserId, LastUpdatedDate, LastUpdatedByUserId) values ('V-Belt UG', 100.000, 3700.000, 1, 1, 0.7570, 1, '2022-06-06T14:23:29', 'admin', '2022-06-06T14:23:29', 'admin')
insert MixType (MixTypeName, IsActive, CreatedDate, CreatedByUserId, LastUpdatedDate, LastUpdatedByUserId) values ('RFL', 1, '2022-06-06T14:23:40', 'admin', '2022-06-06T14:23:40', 'admin')
insert MixType (MixTypeName, IsActive, CreatedDate, CreatedByUserId, LastUpdatedDate, LastUpdatedByUserId) values ('RFL Arrested Master', 1, '2022-06-06T14:23:40', 'admin', '2022-06-06T14:23:40', 'admin')
insert MixType (MixTypeName, IsActive, CreatedDate, CreatedByUserId, LastUpdatedDate, LastUpdatedByUserId) values ('RFL Surfactant', 1, '2022-06-06T14:23:40', 'admin', '2022-06-06T14:23:40', 'admin')
insert MixType (MixTypeName, IsActive, CreatedDate, CreatedByUserId, LastUpdatedDate, LastUpdatedByUserId) values ('Solvated Rubber Dilution', 1, '2022-06-06T14:23:40', 'admin', '2022-06-06T14:23:40', 'admin')
insert MixType (MixTypeName, IsActive, CreatedDate, CreatedByUserId, LastUpdatedDate, LastUpdatedByUserId) values ('Solvated Rubber From Solid Rubber', 1, '2022-06-06T14:23:40', 'admin', '2022-06-06T14:23:40', 'admin')
insert MixType (MixTypeName, IsActive, CreatedDate, CreatedByUserId, LastUpdatedDate, LastUpdatedByUserId) values ('Solvated Rubber Hexa', 1, '2022-06-06T14:23:40', 'admin', '2022-06-06T14:23:40', 'admin')
insert MixType (MixTypeName, IsActive, CreatedDate, CreatedByUserId, LastUpdatedDate, LastUpdatedByUserId) values ('Supplier', 1, '2022-10-24T18:56:01', 'Michelle Saito', '2022-10-24T18:56:01', 'Michelle Saito')
insert MixType (MixTypeName, IsActive, CreatedDate, CreatedByUserId, LastUpdatedDate, LastUpdatedByUserId) values ('SX Dip with Toluene', 1, '2022-06-06T14:23:40', 'admin', '2022-06-06T14:23:40', 'admin')
insert MixType (MixTypeName, IsActive, CreatedDate, CreatedByUserId, LastUpdatedDate, LastUpdatedByUserId) values ('SX Top without Toluene', 1, '2022-06-06T14:23:40', 'admin', '2022-06-24T15:01:42', 'Michelle Saito')
insert MixType (MixTypeName, IsActive, CreatedDate, CreatedByUserId, LastUpdatedDate, LastUpdatedByUserId) values ('Urethane', 1, '2022-06-06T14:23:40', 'admin', '2022-06-06T14:23:40', 'admin')
insert MixTypeVessel (MixTypeName, VesselName, CreatedDate, CreatedByUserId, LastUpdatedDate, LastUpdatedByUserId) values ('RFL', 'RFL Tank Black', '2022-06-06T14:23:51', 'admin', '2022-06-06T14:23:51', 'admin')
insert MixTypeVessel (MixTypeName, VesselName, CreatedDate, CreatedByUserId, LastUpdatedDate, LastUpdatedByUserId) values ('RFL', 'RFL Tank Natural', '2022-06-06T14:23:51', 'admin', '2022-06-06T14:23:51', 'admin')
insert MixTypeVessel (MixTypeName, VesselName, CreatedDate, CreatedByUserId, LastUpdatedDate, LastUpdatedByUserId) values ('RFL Arrested Master', 'Arrested Master Tank L', '2022-06-06T14:23:51', 'admin', '2022-06-06T14:23:51', 'admin')
insert MixTypeVessel (MixTypeName, VesselName, CreatedDate, CreatedByUserId, LastUpdatedDate, LastUpdatedByUserId) values ('RFL Arrested Master', 'Arrested Mater Tank R', '2022-06-06T14:23:51', 'admin', '2022-06-06T14:23:51', 'admin')
insert MixTypeVessel (MixTypeName, VesselName, CreatedDate, CreatedByUserId, LastUpdatedDate, LastUpdatedByUserId) values ('RFL Surfactant', 'Surfactant Tank', '2022-06-06T14:23:51', 'admin', '2022-06-06T14:23:51', 'admin')
insert MixTypeVessel (MixTypeName, VesselName, CreatedDate, CreatedByUserId, LastUpdatedDate, LastUpdatedByUserId) values ('Solvated Rubber Dilution', '100-Gallon Ross', '2022-06-06T14:23:51', 'admin', '2022-06-06T14:23:51', 'admin')
insert MixTypeVessel (MixTypeName, VesselName, CreatedDate, CreatedByUserId, LastUpdatedDate, LastUpdatedByUserId) values ('Solvated Rubber Dilution', '200-Gallon Ross', '2022-06-06T14:23:51', 'admin', '2022-06-06T14:23:51', 'admin')
insert MixTypeVessel (MixTypeName, VesselName, CreatedDate, CreatedByUserId, LastUpdatedDate, LastUpdatedByUserId) values ('Solvated Rubber Dilution', '55-Gallon Metal Drum', '2022-06-06T14:23:51', 'admin', '2022-06-06T14:23:51', 'admin')
insert MixTypeVessel (MixTypeName, VesselName, CreatedDate, CreatedByUserId, LastUpdatedDate, LastUpdatedByUserId) values ('Solvated Rubber Dilution', 'Silver Tank', '2022-06-06T14:23:51', 'admin', '2022-06-06T14:23:51', 'admin')
insert MixTypeVessel (MixTypeName, VesselName, CreatedDate, CreatedByUserId, LastUpdatedDate, LastUpdatedByUserId) values ('Solvated Rubber From Solid Rubber', '100-Gallon Ross', '2022-06-06T14:23:51', 'admin', '2022-06-06T14:23:51', 'admin')
insert MixTypeVessel (MixTypeName, VesselName, CreatedDate, CreatedByUserId, LastUpdatedDate, LastUpdatedByUserId) values ('Solvated Rubber From Solid Rubber', 'Struther''s Well 1', '2022-06-06T14:23:51', 'admin', '2022-06-06T14:23:51', 'admin')
insert MixTypeVessel (MixTypeName, VesselName, CreatedDate, CreatedByUserId, LastUpdatedDate, LastUpdatedByUserId) values ('Solvated Rubber From Solid Rubber', 'Struther''s Well 2', '2022-06-06T14:23:51', 'admin', '2022-06-06T14:23:51', 'admin')
insert MixTypeVessel (MixTypeName, VesselName, CreatedDate, CreatedByUserId, LastUpdatedDate, LastUpdatedByUserId) values ('Solvated Rubber Hexa', '40-Gallon Ross', '2022-06-06T14:23:51', 'admin', '2022-06-06T14:23:51', 'admin')
insert MixTypeVessel (MixTypeName, VesselName, CreatedDate, CreatedByUserId, LastUpdatedDate, LastUpdatedByUserId) values ('SX Dip with Toluene', 'LCF Dip Drum', '2022-06-06T14:23:51', 'admin', '2022-06-06T14:23:51', 'admin')
insert MixTypeVessel (MixTypeName, VesselName, CreatedDate, CreatedByUserId, LastUpdatedDate, LastUpdatedByUserId) values ('SX Dip with Toluene', 'Sylgard Dip Drum', '2022-06-06T14:23:51', 'admin', '2022-06-06T14:23:51', 'admin')
insert MixTypeVessel (MixTypeName, VesselName, CreatedDate, CreatedByUserId, LastUpdatedDate, LastUpdatedByUserId) values ('SX Top without Toluene', 'SPACEX LCF BLACK CHARGED DRUM', '2022-06-06T14:23:51', 'admin', '2022-06-06T14:23:51', 'admin')
insert MixTypeVessel (MixTypeName, VesselName, CreatedDate, CreatedByUserId, LastUpdatedDate, LastUpdatedByUserId) values ('SX Top without Toluene', 'SPACEX LCF BLACK PART A DRUM', '2022-06-06T14:23:51', 'admin', '2022-06-06T14:23:51', 'admin')
insert MixTypeVessel (MixTypeName, VesselName, CreatedDate, CreatedByUserId, LastUpdatedDate, LastUpdatedByUserId) values ('Urethane', 'PreSplit Urethane Drum', '2022-06-06T14:23:51', 'admin', '2022-06-06T14:23:51', 'admin')
insert MixTypeVessel (MixTypeName, VesselName, CreatedDate, CreatedByUserId, LastUpdatedDate, LastUpdatedByUserId) values ('Urethane', 'Urethane Buckets', '2022-06-06T14:23:51', 'admin', '2022-06-06T14:23:51', 'admin')
insert Machine (MachineName, MachineType, IsActive, CreatedDate, CreatedByUserId, LastUpdatedDate, LastUpdatedByUserId) values ('Cheraw', 'Coating', 1, '2022-06-06T14:24:14', 'admin', '2022-06-06T14:24:14', 'admin')
insert Machine (MachineName, MachineType, IsActive, CreatedDate, CreatedByUserId, LastUpdatedDate, LastUpdatedByUserId) values ('Coater 9', 'Coating', 1, '2022-06-06T14:24:14', 'admin', '2022-06-06T14:24:14', 'admin')
insert Machine (MachineName, MachineType, IsActive, CreatedDate, CreatedByUserId, LastUpdatedDate, LastUpdatedByUserId) values ('Frame 3', 'Coating', 1, '2022-06-06T14:24:14', 'admin', '2022-06-06T14:24:14', 'admin')
insert Machine (MachineName, MachineType, IsActive, CreatedDate, CreatedByUserId, LastUpdatedDate, LastUpdatedByUserId) values ('Frame 4', 'Coating', 1, '2022-06-06T14:24:14', 'admin', '2022-06-06T14:24:14', 'admin')
insert Machine (MachineName, MachineType, IsActive, CreatedDate, CreatedByUserId, LastUpdatedDate, LastUpdatedByUserId) values ('Frame 6', 'Coating', 1, '2022-06-06T14:24:14', 'admin', '2022-06-06T14:24:14', 'admin')
insert Machine (MachineName, MachineType, IsActive, CreatedDate, CreatedByUserId, LastUpdatedDate, LastUpdatedByUserId) values ('LEGACY AM', 'Coating', 0, '2022-06-06T14:24:14', 'admin', '2022-06-06T14:24:14', 'admin')
insert Machine (MachineName, MachineType, IsActive, CreatedDate, CreatedByUserId, LastUpdatedDate, LastUpdatedByUserId) values ('Range 18', 'Coating', 1, '2022-06-06T14:24:14', 'admin', '2022-06-06T14:24:14', 'admin')
insert Machine (MachineName, MachineType, IsActive, CreatedDate, CreatedByUserId, LastUpdatedDate, LastUpdatedByUserId) values ('Range 19', 'Coating', 1, '2022-06-06T14:24:14', 'admin', '2022-06-06T14:24:14', 'admin')
insert Machine (MachineName, MachineType, IsActive, CreatedDate, CreatedByUserId, LastUpdatedDate, LastUpdatedByUserId) values ('Range 5', 'Coating', 1, '2022-06-06T14:24:14', 'admin', '2022-06-06T14:24:14', 'admin')
insert CoatingComponent (ReferenceNumber, CoatingComponentDescription, MixTypeName, InputBatchUnit, InputDensityPoundsPerGallon, OutputBatchUnit, MachineName, IsActive, CreatedDate, CreatedByUserId, LastUpdatedDate, LastUpdatedByUserId) values ('1005', '1521-18N', NULL, 'lbs', NULL, NULL, NULL, 1, '2022-06-06T14:24:29', 'admin', '2022-06-06T14:24:29', 'admin')
insert CoatingComponent (ReferenceNumber, CoatingComponentDescription, MixTypeName, InputBatchUnit, InputDensityPoundsPerGallon, OutputBatchUnit, MachineName, IsActive, CreatedDate, CreatedByUserId, LastUpdatedDate, LastUpdatedByUserId) values ('1015', '8645-05', NULL, 'lbs', NULL, NULL, NULL, 1, '2022-06-06T14:24:29', 'admin', '2022-06-06T14:24:29', 'admin')
insert CoatingComponent (ReferenceNumber, CoatingComponentDescription, MixTypeName, InputBatchUnit, InputDensityPoundsPerGallon, OutputBatchUnit, MachineName, IsActive, CreatedDate, CreatedByUserId, LastUpdatedDate, LastUpdatedByUserId) values ('1040', '5465-GRT (vbelt)', NULL, 'lbs', NULL, NULL, NULL, 1, '2022-06-06T14:24:29', 'admin', '2022-06-06T14:24:29', 'admin')
insert CoatingComponent (ReferenceNumber, CoatingComponentDescription, MixTypeName, InputBatchUnit, InputDensityPoundsPerGallon, OutputBatchUnit, MachineName, IsActive, CreatedDate, CreatedByUserId, LastUpdatedDate, LastUpdatedByUserId) values ('1046', 'DMF', NULL, 'lbs', NULL, NULL, NULL, 1, '2022-06-06T14:24:29', 'admin', '2022-06-06T14:24:29', 'admin')
insert CoatingComponent (ReferenceNumber, CoatingComponentDescription, MixTypeName, InputBatchUnit, InputDensityPoundsPerGallon, OutputBatchUnit, MachineName, IsActive, CreatedDate, CreatedByUserId, LastUpdatedDate, LastUpdatedByUserId) values ('1055', 'P-90', NULL, 'lbs', NULL, NULL, NULL, 1, '2022-06-06T14:24:29', 'admin', '2022-06-06T14:24:29', 'admin')
insert CoatingComponent (ReferenceNumber, CoatingComponentDescription, MixTypeName, InputBatchUnit, InputDensityPoundsPerGallon, OutputBatchUnit, MachineName, IsActive, CreatedDate, CreatedByUserId, LastUpdatedDate, LastUpdatedByUserId) values ('1055_P-55', 'P-55', NULL, 'lbs', NULL, NULL, NULL, 1, '2022-06-06T14:24:29', 'admin', '2022-06-06T14:24:29', 'admin')
insert CoatingComponent (ReferenceNumber, CoatingComponentDescription, MixTypeName, InputBatchUnit, InputDensityPoundsPerGallon, OutputBatchUnit, MachineName, IsActive, CreatedDate, CreatedByUserId, LastUpdatedDate, LastUpdatedByUserId) values ('1060', 'Virgin Toluene', NULL, 'gal.', 7.2600, NULL, NULL, 1, '2022-06-06T14:24:29', 'admin', '2022-06-06T14:24:29', 'admin')
insert CoatingComponent (ReferenceNumber, CoatingComponentDescription, MixTypeName, InputBatchUnit, InputDensityPoundsPerGallon, OutputBatchUnit, MachineName, IsActive, CreatedDate, CreatedByUserId, LastUpdatedDate, LastUpdatedByUserId) values ('1061', 'Tinuvin P - UV Absorber', NULL, 'lbs', NULL, NULL, NULL, 1, '2022-06-06T14:24:29', 'admin', '2022-06-06T14:24:29', 'admin')
insert CoatingComponent (ReferenceNumber, CoatingComponentDescription, MixTypeName, InputBatchUnit, InputDensityPoundsPerGallon, OutputBatchUnit, MachineName, IsActive, CreatedDate, CreatedByUserId, LastUpdatedDate, LastUpdatedByUserId) values ('1065', 'Reclaimed Toulene', NULL, 'gal.', 7.2600, NULL, NULL, 1, '2022-06-06T14:24:29', 'admin', '2022-06-06T14:24:29', 'admin')
insert CoatingComponent (ReferenceNumber, CoatingComponentDescription, MixTypeName, InputBatchUnit, InputDensityPoundsPerGallon, OutputBatchUnit, MachineName, IsActive, CreatedDate, CreatedByUserId, LastUpdatedDate, LastUpdatedByUserId) values ('1065B', 'Toluene', NULL, 'gal.', 7.2600, NULL, NULL, 1, '2022-06-06T14:24:29', 'admin', '2022-06-06T14:24:29', 'admin')
insert CoatingComponent (ReferenceNumber, CoatingComponentDescription, MixTypeName, InputBatchUnit, InputDensityPoundsPerGallon, OutputBatchUnit, MachineName, IsActive, CreatedDate, CreatedByUserId, LastUpdatedDate, LastUpdatedByUserId) values ('1068', 'EPDM MT593 (goodyear)', NULL, 'lbs', NULL, NULL, NULL, 1, '2022-06-06T14:24:29', 'admin', '2022-06-06T14:24:29', 'admin')
insert CoatingComponent (ReferenceNumber, CoatingComponentDescription, MixTypeName, InputBatchUnit, InputDensityPoundsPerGallon, OutputBatchUnit, MachineName, IsActive, CreatedDate, CreatedByUserId, LastUpdatedDate, LastUpdatedByUserId) values ('1116', 'PARKER 1116 HARD NEOPRENE', NULL, 'lbs', NULL, NULL, NULL, 1, '2022-09-14T20:14:18', 'Michelle Saito', '2022-09-14T20:14:18', 'Michelle Saito')
insert CoatingComponent (ReferenceNumber, CoatingComponentDescription, MixTypeName, InputBatchUnit, InputDensityPoundsPerGallon, OutputBatchUnit, MachineName, IsActive, CreatedDate, CreatedByUserId, LastUpdatedDate, LastUpdatedByUserId) values ('1116-34', '34% PARKER 1116 HARD NEOPRENE', 'Solvated Rubber From Solid Rubber', 'lbs', 8.4900, 'lbs', 'Frame 6', 1, '2022-09-14T20:16:09', 'Michelle Saito', '2022-09-14T20:17:56', 'Michelle Saito')
insert CoatingComponent (ReferenceNumber, CoatingComponentDescription, MixTypeName, InputBatchUnit, InputDensityPoundsPerGallon, OutputBatchUnit, MachineName, IsActive, CreatedDate, CreatedByUserId, LastUpdatedDate, LastUpdatedByUserId) values ('1116A-45', '45% PARKER 1116 HARD NEOPRENE', 'Solvated Rubber From Solid Rubber', 'lbs', 9.0200, 'lbs', 'Frame 6', 1, '2022-09-14T20:17:38', 'Michelle Saito', '2022-09-14T20:17:38', 'Michelle Saito')
insert CoatingComponent (ReferenceNumber, CoatingComponentDescription, MixTypeName, InputBatchUnit, InputDensityPoundsPerGallon, OutputBatchUnit, MachineName, IsActive, CreatedDate, CreatedByUserId, LastUpdatedDate, LastUpdatedByUserId) values ('1213-1', '1213-1', NULL, 'lbs', NULL, NULL, NULL, 1, '2022-06-06T14:24:29', 'admin', '2022-06-06T14:24:29', 'admin')
insert CoatingComponent (ReferenceNumber, CoatingComponentDescription, MixTypeName, InputBatchUnit, InputDensityPoundsPerGallon, OutputBatchUnit, MachineName, IsActive, CreatedDate, CreatedByUserId, LastUpdatedDate, LastUpdatedByUserId) values ('1213-2', '1213-2', NULL, 'lbs', NULL, NULL, NULL, 1, '2022-06-06T14:24:29', 'admin', '2022-06-06T14:24:29', 'admin')
insert CoatingComponent (ReferenceNumber, CoatingComponentDescription, MixTypeName, InputBatchUnit, InputDensityPoundsPerGallon, OutputBatchUnit, MachineName, IsActive, CreatedDate, CreatedByUserId, LastUpdatedDate, LastUpdatedByUserId) values ('1508-VB-22', 'V-belt Top', 'Solvated Rubber From Solid Rubber', 'lbs', 9.4950, 'lbs', 'Frame 3', 1, '2022-06-06T14:24:29', 'admin', '2022-09-13T19:36:09', 'Michelle Saito')
insert CoatingComponent (ReferenceNumber, CoatingComponentDescription, MixTypeName, InputBatchUnit, InputDensityPoundsPerGallon, OutputBatchUnit, MachineName, IsActive, CreatedDate, CreatedByUserId, LastUpdatedDate, LastUpdatedByUserId) values ('1508-VB-22BB', 'Bareback', 'Solvated Rubber From Solid Rubber', 'lbs', 9.1000, 'lbs', 'Frame 3', 1, '2022-06-06T14:24:29', 'admin', '2022-06-22T15:48:32', 'Michelle Saito')
insert CoatingComponent (ReferenceNumber, CoatingComponentDescription, MixTypeName, InputBatchUnit, InputDensityPoundsPerGallon, OutputBatchUnit, MachineName, IsActive, CreatedDate, CreatedByUserId, LastUpdatedDate, LastUpdatedByUserId) values ('1508-VB-31', '1508-VB-31 Blue', 'RFL', 'lbs', 8.3400, 'lbs', NULL, 1, '2022-06-06T14:24:29', 'admin', '2022-06-06T14:24:29', 'admin')
insert CoatingComponent (ReferenceNumber, CoatingComponentDescription, MixTypeName, InputBatchUnit, InputDensityPoundsPerGallon, OutputBatchUnit, MachineName, IsActive, CreatedDate, CreatedByUserId, LastUpdatedDate, LastUpdatedByUserId) values ('1508-VB-31-OR', '1508-VB-31-OR Orange', 'RFL', 'lbs', 8.3400, 'lbs', NULL, 1, '2022-06-06T14:24:29', 'admin', '2022-06-06T14:24:29', 'admin')
insert CoatingComponent (ReferenceNumber, CoatingComponentDescription, MixTypeName, InputBatchUnit, InputDensityPoundsPerGallon, OutputBatchUnit, MachineName, IsActive, CreatedDate, CreatedByUserId, LastUpdatedDate, LastUpdatedByUserId) values ('1508-VB-36', '1508-VB-36', NULL, 'lbs', NULL, NULL, NULL, 1, '2022-06-06T14:24:29', 'admin', '2022-06-06T14:24:29', 'admin')
insert CoatingComponent (ReferenceNumber, CoatingComponentDescription, MixTypeName, InputBatchUnit, InputDensityPoundsPerGallon, OutputBatchUnit, MachineName, IsActive, CreatedDate, CreatedByUserId, LastUpdatedDate, LastUpdatedByUserId) values ('1509-5', 'Surfactant', NULL, 'lbs', NULL, 'lbs', NULL, 1, '2022-06-06T14:24:29', 'admin', '2022-06-06T14:24:29', 'admin')
insert CoatingComponent (ReferenceNumber, CoatingComponentDescription, MixTypeName, InputBatchUnit, InputDensityPoundsPerGallon, OutputBatchUnit, MachineName, IsActive, CreatedDate, CreatedByUserId, LastUpdatedDate, LastUpdatedByUserId) values ('1515-6', 'Low Tack', 'Solvated Rubber From Solid Rubber', 'lbs', 8.0000, 'lbs', 'Frame 3', 1, '2022-06-06T14:24:29', 'admin', '2022-10-12T17:54:16', 'Michelle Saito')
insert CoatingComponent (ReferenceNumber, CoatingComponentDescription, MixTypeName, InputBatchUnit, InputDensityPoundsPerGallon, OutputBatchUnit, MachineName, IsActive, CreatedDate, CreatedByUserId, LastUpdatedDate, LastUpdatedByUserId) values ('1515-VB-11', 'Vbelt Dip', 'Solvated Rubber Dilution', 'lbs', 8.2200, 'lbs', 'Frame 3', 1, '2022-06-06T14:24:29', 'admin', '2022-06-06T14:24:29', 'admin')
insert CoatingComponent (ReferenceNumber, CoatingComponentDescription, MixTypeName, InputBatchUnit, InputDensityPoundsPerGallon, OutputBatchUnit, MachineName, IsActive, CreatedDate, CreatedByUserId, LastUpdatedDate, LastUpdatedByUserId) values ('1515-VB-12', '12% Vbelt PreDip', NULL, 'lbs', NULL, 'lbs', NULL, 1, '2022-06-06T14:24:29', 'admin', '2022-06-06T14:24:29', 'admin')
insert CoatingComponent (ReferenceNumber, CoatingComponentDescription, MixTypeName, InputBatchUnit, InputDensityPoundsPerGallon, OutputBatchUnit, MachineName, IsActive, CreatedDate, CreatedByUserId, LastUpdatedDate, LastUpdatedByUserId) values ('1521-20', 'Bando Predip', NULL, 'lbs', NULL, 'lbs', NULL, 1, '2022-06-06T14:24:29', 'admin', '2022-06-06T14:24:29', 'admin')
insert CoatingComponent (ReferenceNumber, CoatingComponentDescription, MixTypeName, InputBatchUnit, InputDensityPoundsPerGallon, OutputBatchUnit, MachineName, IsActive, CreatedDate, CreatedByUserId, LastUpdatedDate, LastUpdatedByUserId) values ('1521-24', '1521-24', 'Solvated Rubber From Solid Rubber', 'lbs', 7.4700, 'lbs', 'Frame 6', 1, '2022-06-06T14:24:29', 'admin', '2022-09-30T19:48:17', 'Michelle Saito')
insert CoatingComponent (ReferenceNumber, CoatingComponentDescription, MixTypeName, InputBatchUnit, InputDensityPoundsPerGallon, OutputBatchUnit, MachineName, IsActive, CreatedDate, CreatedByUserId, LastUpdatedDate, LastUpdatedByUserId) values ('1521-25', '1521-25', 'Solvated Rubber From Solid Rubber', 'lbs', 7.3330, 'lbs', 'Frame 6', 1, '2022-06-06T14:24:29', 'admin', '2022-09-28T18:41:25', 'Michelle Saito')
insert CoatingComponent (ReferenceNumber, CoatingComponentDescription, MixTypeName, InputBatchUnit, InputDensityPoundsPerGallon, OutputBatchUnit, MachineName, IsActive, CreatedDate, CreatedByUserId, LastUpdatedDate, LastUpdatedByUserId) values ('1522AB-15', 'Hexa Solution', NULL, 'lbs', NULL, 'lbs', NULL, 1, '2022-06-06T14:24:29', 'admin', '2022-06-06T14:24:29', 'admin')
insert CoatingComponent (ReferenceNumber, CoatingComponentDescription, MixTypeName, InputBatchUnit, InputDensityPoundsPerGallon, OutputBatchUnit, MachineName, IsActive, CreatedDate, CreatedByUserId, LastUpdatedDate, LastUpdatedByUserId) values ('1525-20', 'Bando Dip', 'Solvated Rubber From Solid Rubber', 'lbs', 7.5400, 'lbs', 'Frame 3', 1, '2022-06-06T14:24:29', 'admin', '2022-09-26T19:54:53', 'Michelle Saito')
insert CoatingComponent (ReferenceNumber, CoatingComponentDescription, MixTypeName, InputBatchUnit, InputDensityPoundsPerGallon, OutputBatchUnit, MachineName, IsActive, CreatedDate, CreatedByUserId, LastUpdatedDate, LastUpdatedByUserId) values ('1525-7-1', '1525-7-1', NULL, 'lbs', NULL, NULL, NULL, 1, '2022-06-06T14:24:29', 'admin', '2022-06-06T14:24:29', 'admin')
insert CoatingComponent (ReferenceNumber, CoatingComponentDescription, MixTypeName, InputBatchUnit, InputDensityPoundsPerGallon, OutputBatchUnit, MachineName, IsActive, CreatedDate, CreatedByUserId, LastUpdatedDate, LastUpdatedByUserId) values ('1526-11B', '1526-11B (hard Neoprene)', NULL, 'lbs', NULL, NULL, NULL, 1, '2022-06-06T14:24:29', 'admin', '2022-06-06T14:24:29', 'admin')
insert CoatingComponent (ReferenceNumber, CoatingComponentDescription, MixTypeName, InputBatchUnit, InputDensityPoundsPerGallon, OutputBatchUnit, MachineName, IsActive, CreatedDate, CreatedByUserId, LastUpdatedDate, LastUpdatedByUserId) values ('1536-VB-14', '1536-VB-14', 'RFL', 'lbs', 8.3400, 'lbs', NULL, 1, '2022-06-06T14:24:29', 'admin', '2022-06-06T14:24:29', 'admin')
insert CoatingComponent (ReferenceNumber, CoatingComponentDescription, MixTypeName, InputBatchUnit, InputDensityPoundsPerGallon, OutputBatchUnit, MachineName, IsActive, CreatedDate, CreatedByUserId, LastUpdatedDate, LastUpdatedByUserId) values ('1536-VB-23', 'Hard Neoprene Top', 'Solvated Rubber From Solid Rubber', 'lbs', 9.1020, 'lbs', 'Frame 3', 1, '2022-06-06T14:24:29', 'admin', '2022-06-06T14:24:29', 'admin')
insert CoatingComponent (ReferenceNumber, CoatingComponentDescription, MixTypeName, InputBatchUnit, InputDensityPoundsPerGallon, OutputBatchUnit, MachineName, IsActive, CreatedDate, CreatedByUserId, LastUpdatedDate, LastUpdatedByUserId) values ('1536-VB-24', 'Hard Neo Dip', NULL, 'lbs', NULL, 'lbs', NULL, 1, '2022-06-06T14:24:29', 'admin', '2022-06-06T14:24:29', 'admin')
insert CoatingComponent (ReferenceNumber, CoatingComponentDescription, MixTypeName, InputBatchUnit, InputDensityPoundsPerGallon, OutputBatchUnit, MachineName, IsActive, CreatedDate, CreatedByUserId, LastUpdatedDate, LastUpdatedByUserId) values ('1536-VB-25 R&D', 'Hard Neo Dip Reduced Soilds', 'Solvated Rubber Dilution', 'lbs', 7.7100, 'lbs', 'Frame 3', 1, '2022-06-06T14:24:29', 'admin', '2022-06-06T14:24:29', 'admin')
insert CoatingComponent (ReferenceNumber, CoatingComponentDescription, MixTypeName, InputBatchUnit, InputDensityPoundsPerGallon, OutputBatchUnit, MachineName, IsActive, CreatedDate, CreatedByUserId, LastUpdatedDate, LastUpdatedByUserId) values ('1546-25DCP', 'DiCup EPDM', NULL, 'lbs', NULL, NULL, NULL, 1, '2022-06-06T14:24:29', 'admin', '2022-06-06T14:24:29', 'admin')
insert CoatingComponent (ReferenceNumber, CoatingComponentDescription, MixTypeName, InputBatchUnit, InputDensityPoundsPerGallon, OutputBatchUnit, MachineName, IsActive, CreatedDate, CreatedByUserId, LastUpdatedDate, LastUpdatedByUserId) values ('1546-25VUL', 'Vulcup EDPM', NULL, 'lbs', NULL, NULL, NULL, 1, '2022-06-06T14:24:29', 'admin', '2022-06-06T14:24:29', 'admin')
insert CoatingComponent (ReferenceNumber, CoatingComponentDescription, MixTypeName, InputBatchUnit, InputDensityPoundsPerGallon, OutputBatchUnit, MachineName, IsActive, CreatedDate, CreatedByUserId, LastUpdatedDate, LastUpdatedByUserId) values ('1546-27DCP', 'DCP Top', 'Solvated Rubber From Solid Rubber', 'lbs', 7.8380, 'lbs', 'Frame 3', 1, '2022-06-06T14:24:29', 'admin', '2022-09-29T19:12:18', 'Michelle Saito')
insert CoatingComponent (ReferenceNumber, CoatingComponentDescription, MixTypeName, InputBatchUnit, InputDensityPoundsPerGallon, OutputBatchUnit, MachineName, IsActive, CreatedDate, CreatedByUserId, LastUpdatedDate, LastUpdatedByUserId) values ('1546-27VUL', 'Vul-Cup Top', NULL, 'lbs', NULL, 'lbs', NULL, 1, '2022-06-06T14:24:29', 'admin', '2022-06-06T14:24:29', 'admin')
insert CoatingComponent (ReferenceNumber, CoatingComponentDescription, MixTypeName, InputBatchUnit, InputDensityPoundsPerGallon, OutputBatchUnit, MachineName, IsActive, CreatedDate, CreatedByUserId, LastUpdatedDate, LastUpdatedByUserId) values ('1546-28DCP', 'DCP Dip', 'Solvated Rubber Dilution', 'lbs', 7.6800, 'lbs', NULL, 1, '2022-06-06T14:24:29', 'admin', '2022-06-06T14:24:29', 'admin')
insert CoatingComponent (ReferenceNumber, CoatingComponentDescription, MixTypeName, InputBatchUnit, InputDensityPoundsPerGallon, OutputBatchUnit, MachineName, IsActive, CreatedDate, CreatedByUserId, LastUpdatedDate, LastUpdatedByUserId) values ('1546-28VUL', 'Vul-Cup Dip', NULL, 'lbs', NULL, NULL, NULL, 1, '2022-06-06T14:24:29', 'admin', '2022-06-06T14:24:29', 'admin')
insert CoatingComponent (ReferenceNumber, CoatingComponentDescription, MixTypeName, InputBatchUnit, InputDensityPoundsPerGallon, OutputBatchUnit, MachineName, IsActive, CreatedDate, CreatedByUserId, LastUpdatedDate, LastUpdatedByUserId) values ('1546-39-1', 'GoodYear Top', 'Solvated Rubber From Solid Rubber', 'lbs', 8.2030, 'lbs', 'Frame 3', 1, '2022-06-06T14:24:29', 'admin', '2022-09-13T19:35:30', 'Michelle Saito')
insert CoatingComponent (ReferenceNumber, CoatingComponentDescription, MixTypeName, InputBatchUnit, InputDensityPoundsPerGallon, OutputBatchUnit, MachineName, IsActive, CreatedDate, CreatedByUserId, LastUpdatedDate, LastUpdatedByUserId) values ('1546-39-2', 'Goodyear Dip', 'Solvated Rubber Dilution', 'lbs', 7.6100, 'lbs', NULL, 1, '2022-06-06T14:24:29', 'admin', '2022-06-06T14:24:29', 'admin')
insert CoatingComponent (ReferenceNumber, CoatingComponentDescription, MixTypeName, InputBatchUnit, InputDensityPoundsPerGallon, OutputBatchUnit, MachineName, IsActive, CreatedDate, CreatedByUserId, LastUpdatedDate, LastUpdatedByUserId) values ('1546-41', '1546-41 Bando', 'RFL', 'lbs', 8.0890, 'lbs', NULL, 1, '2022-06-06T14:24:29', 'admin', '2022-09-28T15:53:03', 'Michelle Saito')
insert CoatingComponent (ReferenceNumber, CoatingComponentDescription, MixTypeName, InputBatchUnit, InputDensityPoundsPerGallon, OutputBatchUnit, MachineName, IsActive, CreatedDate, CreatedByUserId, LastUpdatedDate, LastUpdatedByUserId) values ('1546-42', 'Bando Top', 'Solvated Rubber From Solid Rubber', 'lbs', 8.2320, 'lbs', 'Frame 6', 1, '2022-06-06T14:24:29', 'admin', '2022-09-26T19:57:18', 'Michelle Saito')
insert CoatingComponent (ReferenceNumber, CoatingComponentDescription, MixTypeName, InputBatchUnit, InputDensityPoundsPerGallon, OutputBatchUnit, MachineName, IsActive, CreatedDate, CreatedByUserId, LastUpdatedDate, LastUpdatedByUserId) values ('1547-3', '1547-3', NULL, 'lbs', NULL, 'lbs', NULL, 1, '2022-06-06T14:24:29', 'admin', '2022-06-06T14:24:29', 'admin')
insert CoatingComponent (ReferenceNumber, CoatingComponentDescription, MixTypeName, InputBatchUnit, InputDensityPoundsPerGallon, OutputBatchUnit, MachineName, IsActive, CreatedDate, CreatedByUserId, LastUpdatedDate, LastUpdatedByUserId) values ('1547-37', '1547-37', 'Solvated Rubber From Solid Rubber', 'lbs', 7.6800, 'lbs', NULL, 1, '2022-06-06T14:24:29', 'admin', '2022-06-06T14:24:29', 'admin')
insert CoatingComponent (ReferenceNumber, CoatingComponentDescription, MixTypeName, InputBatchUnit, InputDensityPoundsPerGallon, OutputBatchUnit, MachineName, IsActive, CreatedDate, CreatedByUserId, LastUpdatedDate, LastUpdatedByUserId) values ('1547-38', '1547-38', 'Solvated Rubber From Solid Rubber', 'lbs', 7.6890, 'lbs', 'Frame 6', 1, '2022-06-06T14:24:29', 'admin', '2022-06-06T14:24:29', 'admin')
insert CoatingComponent (ReferenceNumber, CoatingComponentDescription, MixTypeName, InputBatchUnit, InputDensityPoundsPerGallon, OutputBatchUnit, MachineName, IsActive, CreatedDate, CreatedByUserId, LastUpdatedDate, LastUpdatedByUserId) values ('1547-4', '1547-4', 'Solvated Rubber From Solid Rubber', 'lbs', 7.3100, 'lbs', 'Frame 6', 1, '2022-06-06T14:24:29', 'admin', '2022-06-06T14:24:29', 'admin')
insert CoatingComponent (ReferenceNumber, CoatingComponentDescription, MixTypeName, InputBatchUnit, InputDensityPoundsPerGallon, OutputBatchUnit, MachineName, IsActive, CreatedDate, CreatedByUserId, LastUpdatedDate, LastUpdatedByUserId) values ('1548-13', '1548-13', NULL, 'lbs', NULL, 'lbs', NULL, 1, '2022-06-06T14:24:29', 'admin', '2022-06-06T14:24:29', 'admin')
insert CoatingComponent (ReferenceNumber, CoatingComponentDescription, MixTypeName, InputBatchUnit, InputDensityPoundsPerGallon, OutputBatchUnit, MachineName, IsActive, CreatedDate, CreatedByUserId, LastUpdatedDate, LastUpdatedByUserId) values ('1548-14', '1548-14', NULL, 'lbs', NULL, 'lbs', NULL, 1, '2022-06-06T14:24:29', 'admin', '2022-06-06T14:24:29', 'admin')
insert CoatingComponent (ReferenceNumber, CoatingComponentDescription, MixTypeName, InputBatchUnit, InputDensityPoundsPerGallon, OutputBatchUnit, MachineName, IsActive, CreatedDate, CreatedByUserId, LastUpdatedDate, LastUpdatedByUserId) values ('1564-16', '1564-16 Grilbond', NULL, 'lbs', NULL, 'lbs', NULL, 1, '2022-06-06T14:24:29', 'admin', '2022-06-06T14:24:29', 'admin')
insert CoatingComponent (ReferenceNumber, CoatingComponentDescription, MixTypeName, InputBatchUnit, InputDensityPoundsPerGallon, OutputBatchUnit, MachineName, IsActive, CreatedDate, CreatedByUserId, LastUpdatedDate, LastUpdatedByUserId) values ('1568-43', '1568-43', NULL, 'lbs', NULL, NULL, NULL, 1, '2022-06-06T14:24:29', 'admin', '2022-06-06T14:24:29', 'admin')
insert CoatingComponent (ReferenceNumber, CoatingComponentDescription, MixTypeName, InputBatchUnit, InputDensityPoundsPerGallon, OutputBatchUnit, MachineName, IsActive, CreatedDate, CreatedByUserId, LastUpdatedDate, LastUpdatedByUserId) values ('2014-11', '2014-11', NULL, 'lbs', NULL, NULL, NULL, 1, '2022-06-06T14:24:29', 'admin', '2022-06-06T14:24:29', 'admin')
insert CoatingComponent (ReferenceNumber, CoatingComponentDescription, MixTypeName, InputBatchUnit, InputDensityPoundsPerGallon, OutputBatchUnit, MachineName, IsActive, CreatedDate, CreatedByUserId, LastUpdatedDate, LastUpdatedByUserId) values ('2014-12', '2014-12', NULL, 'lbs', NULL, NULL, NULL, 1, '2022-06-06T14:24:29', 'admin', '2022-06-06T14:24:29', 'admin')
insert CoatingComponent (ReferenceNumber, CoatingComponentDescription, MixTypeName, InputBatchUnit, InputDensityPoundsPerGallon, OutputBatchUnit, MachineName, IsActive, CreatedDate, CreatedByUserId, LastUpdatedDate, LastUpdatedByUserId) values ('2014-13', '2014-13', NULL, 'lbs', NULL, NULL, NULL, 1, '2022-06-06T14:24:29', 'admin', '2022-06-06T14:24:29', 'admin')
insert CoatingComponent (ReferenceNumber, CoatingComponentDescription, MixTypeName, InputBatchUnit, InputDensityPoundsPerGallon, OutputBatchUnit, MachineName, IsActive, CreatedDate, CreatedByUserId, LastUpdatedDate, LastUpdatedByUserId) values ('2014-2', '2014-2', NULL, 'lbs', NULL, NULL, NULL, 1, '2022-06-06T14:24:29', 'admin', '2022-06-06T14:24:29', 'admin')
insert CoatingComponent (ReferenceNumber, CoatingComponentDescription, MixTypeName, InputBatchUnit, InputDensityPoundsPerGallon, OutputBatchUnit, MachineName, IsActive, CreatedDate, CreatedByUserId, LastUpdatedDate, LastUpdatedByUserId) values ('2014-3', '2014-3', NULL, 'lbs', NULL, NULL, NULL, 1, '2022-06-06T14:24:29', 'admin', '2022-06-06T14:24:29', 'admin')
insert CoatingComponent (ReferenceNumber, CoatingComponentDescription, MixTypeName, InputBatchUnit, InputDensityPoundsPerGallon, OutputBatchUnit, MachineName, IsActive, CreatedDate, CreatedByUserId, LastUpdatedDate, LastUpdatedByUserId) values ('2014-8', '2014-8', 'Solvated Rubber From Solid Rubber', 'lbs', 8.4670, 'lbs', 'Frame 6', 1, '2022-06-06T14:24:29', 'admin', '2022-09-13T19:43:08', 'Michelle Saito')
insert CoatingComponent (ReferenceNumber, CoatingComponentDescription, MixTypeName, InputBatchUnit, InputDensityPoundsPerGallon, OutputBatchUnit, MachineName, IsActive, CreatedDate, CreatedByUserId, LastUpdatedDate, LastUpdatedByUserId) values ('2014-9', '2014-9', 'Solvated Rubber From Solid Rubber', 'lbs', 8.0670, 'lbs', 'Frame 6', 1, '2022-06-06T14:24:29', 'admin', '2022-09-13T19:46:27', 'Michelle Saito')
insert CoatingComponent (ReferenceNumber, CoatingComponentDescription, MixTypeName, InputBatchUnit, InputDensityPoundsPerGallon, OutputBatchUnit, MachineName, IsActive, CreatedDate, CreatedByUserId, LastUpdatedDate, LastUpdatedByUserId) values ('2015-1', '2015-1', NULL, 'lbs', NULL, NULL, NULL, 1, '2022-06-06T14:24:29', 'admin', '2022-06-06T14:24:29', 'admin')
insert CoatingComponent (ReferenceNumber, CoatingComponentDescription, MixTypeName, InputBatchUnit, InputDensityPoundsPerGallon, OutputBatchUnit, MachineName, IsActive, CreatedDate, CreatedByUserId, LastUpdatedDate, LastUpdatedByUserId) values ('2016-5', '2016-5', NULL, 'lbs', NULL, NULL, NULL, 1, '2022-06-06T14:24:29', 'admin', '2022-06-06T14:24:29', 'admin')
insert CoatingComponent (ReferenceNumber, CoatingComponentDescription, MixTypeName, InputBatchUnit, InputDensityPoundsPerGallon, OutputBatchUnit, MachineName, IsActive, CreatedDate, CreatedByUserId, LastUpdatedDate, LastUpdatedByUserId) values ('2016-7', '2016-7', NULL, 'lbs', NULL, NULL, NULL, 1, '2022-06-06T14:24:29', 'admin', '2022-06-06T14:24:29', 'admin')
insert CoatingComponent (ReferenceNumber, CoatingComponentDescription, MixTypeName, InputBatchUnit, InputDensityPoundsPerGallon, OutputBatchUnit, MachineName, IsActive, CreatedDate, CreatedByUserId, LastUpdatedDate, LastUpdatedByUserId) values ('2017-8', '2017-8', NULL, 'lbs', NULL, NULL, NULL, 1, '2022-06-06T14:24:29', 'admin', '2022-06-06T14:24:29', 'admin')
insert CoatingComponent (ReferenceNumber, CoatingComponentDescription, MixTypeName, InputBatchUnit, InputDensityPoundsPerGallon, OutputBatchUnit, MachineName, IsActive, CreatedDate, CreatedByUserId, LastUpdatedDate, LastUpdatedByUserId) values ('2018-1', '2018-1', NULL, 'lbs', NULL, NULL, NULL, 1, '2022-06-06T14:24:29', 'admin', '2022-06-06T14:24:29', 'admin')
insert CoatingComponent (ReferenceNumber, CoatingComponentDescription, MixTypeName, InputBatchUnit, InputDensityPoundsPerGallon, OutputBatchUnit, MachineName, IsActive, CreatedDate, CreatedByUserId, LastUpdatedDate, LastUpdatedByUserId) values ('2018-2', '2018-2', NULL, 'lbs', NULL, NULL, NULL, 1, '2022-06-06T14:24:29', 'admin', '2022-06-06T14:24:29', 'admin')
insert CoatingComponent (ReferenceNumber, CoatingComponentDescription, MixTypeName, InputBatchUnit, InputDensityPoundsPerGallon, OutputBatchUnit, MachineName, IsActive, CreatedDate, CreatedByUserId, LastUpdatedDate, LastUpdatedByUserId) values ('2018-6', '2018-6', NULL, 'lbs', NULL, NULL, NULL, 1, '2022-06-06T14:24:29', 'admin', '2022-06-06T14:24:29', 'admin')
insert CoatingComponent (ReferenceNumber, CoatingComponentDescription, MixTypeName, InputBatchUnit, InputDensityPoundsPerGallon, OutputBatchUnit, MachineName, IsActive, CreatedDate, CreatedByUserId, LastUpdatedDate, LastUpdatedByUserId) values ('2018-7', '2018-7', NULL, 'lbs', NULL, NULL, NULL, 1, '2022-06-06T14:24:29', 'admin', '2022-06-06T14:24:29', 'admin')
insert CoatingComponent (ReferenceNumber, CoatingComponentDescription, MixTypeName, InputBatchUnit, InputDensityPoundsPerGallon, OutputBatchUnit, MachineName, IsActive, CreatedDate, CreatedByUserId, LastUpdatedDate, LastUpdatedByUserId) values ('2022-1', '48% Solids 7348DAZ Timken CR', 'Solvated Rubber From Solid Rubber', 'lbs', 8.8500, 'lbs', 'Frame 3', 1, '2022-06-06T14:24:29', 'admin', '2022-09-26T20:10:33', 'Michelle Saito')
insert CoatingComponent (ReferenceNumber, CoatingComponentDescription, MixTypeName, InputBatchUnit, InputDensityPoundsPerGallon, OutputBatchUnit, MachineName, IsActive, CreatedDate, CreatedByUserId, LastUpdatedDate, LastUpdatedByUserId) values ('2027', 'PAPI 27', NULL, 'lbs', NULL, NULL, NULL, 1, '2022-06-06T14:24:29', 'admin', '2022-06-06T14:24:29', 'admin')
insert CoatingComponent (ReferenceNumber, CoatingComponentDescription, MixTypeName, InputBatchUnit, InputDensityPoundsPerGallon, OutputBatchUnit, MachineName, IsActive, CreatedDate, CreatedByUserId, LastUpdatedDate, LastUpdatedByUserId) values ('2040', 'x-51-1056D Codon Silicone', NULL, 'lbs', NULL, NULL, NULL, 1, '2022-06-06T14:24:29', 'admin', '2022-06-06T14:24:29', 'admin')
insert CoatingComponent (ReferenceNumber, CoatingComponentDescription, MixTypeName, InputBatchUnit, InputDensityPoundsPerGallon, OutputBatchUnit, MachineName, IsActive, CreatedDate, CreatedByUserId, LastUpdatedDate, LastUpdatedByUserId) values ('2041', 'X51-1073 color', NULL, 'lbs', NULL, NULL, NULL, 1, '2022-06-06T14:24:29', 'admin', '2022-06-06T14:24:29', 'admin')
insert CoatingComponent (ReferenceNumber, CoatingComponentDescription, MixTypeName, InputBatchUnit, InputDensityPoundsPerGallon, OutputBatchUnit, MachineName, IsActive, CreatedDate, CreatedByUserId, LastUpdatedDate, LastUpdatedByUserId) values ('2042', 'X52-1146 Thickener', NULL, 'lbs', NULL, NULL, NULL, 1, '2022-06-06T14:24:29', 'admin', '2022-06-06T14:24:29', 'admin')
insert CoatingComponent (ReferenceNumber, CoatingComponentDescription, MixTypeName, InputBatchUnit, InputDensityPoundsPerGallon, OutputBatchUnit, MachineName, IsActive, CreatedDate, CreatedByUserId, LastUpdatedDate, LastUpdatedByUserId) values ('2043', 'Polon charge', NULL, 'lbs', NULL, NULL, NULL, 1, '2022-06-06T14:24:29', 'admin', '2022-06-06T14:24:29', 'admin')
insert CoatingComponent (ReferenceNumber, CoatingComponentDescription, MixTypeName, InputBatchUnit, InputDensityPoundsPerGallon, OutputBatchUnit, MachineName, IsActive, CreatedDate, CreatedByUserId, LastUpdatedDate, LastUpdatedByUserId) values ('2051', 'K-75815 Rust DTI', NULL, 'lbs', NULL, NULL, NULL, 1, '2022-06-06T14:24:29', 'admin', '2022-06-06T14:24:29', 'admin')
insert CoatingComponent (ReferenceNumber, CoatingComponentDescription, MixTypeName, InputBatchUnit, InputDensityPoundsPerGallon, OutputBatchUnit, MachineName, IsActive, CreatedDate, CreatedByUserId, LastUpdatedDate, LastUpdatedByUserId) values ('2567', 'IPA 99%', NULL, 'lbs', NULL, NULL, NULL, 1, '2022-06-06T14:24:29', 'admin', '2022-06-06T14:24:29', 'admin')
insert CoatingComponent (ReferenceNumber, CoatingComponentDescription, MixTypeName, InputBatchUnit, InputDensityPoundsPerGallon, OutputBatchUnit, MachineName, IsActive, CreatedDate, CreatedByUserId, LastUpdatedDate, LastUpdatedByUserId) values ('2999', 'Bando EPDM', NULL, 'lbs', NULL, NULL, NULL, 1, '2022-06-06T14:24:29', 'admin', '2022-06-06T14:24:29', 'admin')
insert CoatingComponent (ReferenceNumber, CoatingComponentDescription, MixTypeName, InputBatchUnit, InputDensityPoundsPerGallon, OutputBatchUnit, MachineName, IsActive, CreatedDate, CreatedByUserId, LastUpdatedDate, LastUpdatedByUserId) values ('3002', 'Orange pigment', NULL, 'lbs', NULL, NULL, NULL, 1, '2022-06-06T14:24:29', 'admin', '2022-06-06T14:24:29', 'admin')
insert CoatingComponent (ReferenceNumber, CoatingComponentDescription, MixTypeName, InputBatchUnit, InputDensityPoundsPerGallon, OutputBatchUnit, MachineName, IsActive, CreatedDate, CreatedByUserId, LastUpdatedDate, LastUpdatedByUserId) values ('3004', 'Desmodur RE', NULL, 'lbs', NULL, NULL, NULL, 1, '2022-06-06T14:24:29', 'admin', '2022-06-06T14:24:29', 'admin')
insert CoatingComponent (ReferenceNumber, CoatingComponentDescription, MixTypeName, InputBatchUnit, InputDensityPoundsPerGallon, OutputBatchUnit, MachineName, IsActive, CreatedDate, CreatedByUserId, LastUpdatedDate, LastUpdatedByUserId) values ('3005', 'Ammonia Hydroxide', NULL, 'lbs', NULL, NULL, NULL, 1, '2022-06-06T14:24:29', 'admin', '2022-06-06T14:24:29', 'admin')
insert CoatingComponent (ReferenceNumber, CoatingComponentDescription, MixTypeName, InputBatchUnit, InputDensityPoundsPerGallon, OutputBatchUnit, MachineName, IsActive, CreatedDate, CreatedByUserId, LastUpdatedDate, LastUpdatedByUserId) values ('3007', 'WSP6 Neutral Rubber', NULL, 'lbs', NULL, NULL, NULL, 1, '2022-06-06T14:24:29', 'admin', '2022-06-06T14:24:29', 'admin')
insert CoatingComponent (ReferenceNumber, CoatingComponentDescription, MixTypeName, InputBatchUnit, InputDensityPoundsPerGallon, OutputBatchUnit, MachineName, IsActive, CreatedDate, CreatedByUserId, LastUpdatedDate, LastUpdatedByUserId) values ('3008_90-01', '3008', NULL, 'lbs', NULL, NULL, NULL, 1, '2022-06-06T14:24:29', 'admin', '2022-06-06T14:24:29', 'admin')
insert CoatingComponent (ReferenceNumber, CoatingComponentDescription, MixTypeName, InputBatchUnit, InputDensityPoundsPerGallon, OutputBatchUnit, MachineName, IsActive, CreatedDate, CreatedByUserId, LastUpdatedDate, LastUpdatedByUserId) values ('3009', 'K-75817 Medium Blue DTI', NULL, 'lbs', NULL, NULL, NULL, 1, '2022-06-06T14:24:29', 'admin', '2022-06-06T14:24:29', 'admin')
insert CoatingComponent (ReferenceNumber, CoatingComponentDescription, MixTypeName, InputBatchUnit, InputDensityPoundsPerGallon, OutputBatchUnit, MachineName, IsActive, CreatedDate, CreatedByUserId, LastUpdatedDate, LastUpdatedByUserId) values ('3013', 'Aquablak 6950 (Black 372)', NULL, 'lbs', NULL, NULL, NULL, 1, '2022-06-06T14:24:29', 'admin', '2022-06-06T14:24:29', 'admin')
insert CoatingComponent (ReferenceNumber, CoatingComponentDescription, MixTypeName, InputBatchUnit, InputDensityPoundsPerGallon, OutputBatchUnit, MachineName, IsActive, CreatedDate, CreatedByUserId, LastUpdatedDate, LastUpdatedByUserId) values ('3017', 'Aquablak 5216 (Black 116)', NULL, 'lbs', NULL, NULL, NULL, 1, '2022-06-06T14:24:29', 'admin', '2022-06-06T14:24:29', 'admin')
insert CoatingComponent (ReferenceNumber, CoatingComponentDescription, MixTypeName, InputBatchUnit, InputDensityPoundsPerGallon, OutputBatchUnit, MachineName, IsActive, CreatedDate, CreatedByUserId, LastUpdatedDate, LastUpdatedByUserId) values ('3020', 'BLU 3GG', NULL, 'lbs', NULL, NULL, NULL, 1, '2022-06-06T14:24:29', 'admin', '2022-06-06T14:24:29', 'admin')
insert CoatingComponent (ReferenceNumber, CoatingComponentDescription, MixTypeName, InputBatchUnit, InputDensityPoundsPerGallon, OutputBatchUnit, MachineName, IsActive, CreatedDate, CreatedByUserId, LastUpdatedDate, LastUpdatedByUserId) values ('3035', 'Formaldehyde 36%', NULL, 'lbs', NULL, NULL, NULL, 1, '2022-06-06T14:24:29', 'admin', '2022-06-06T14:24:29', 'admin')
insert CoatingComponent (ReferenceNumber, CoatingComponentDescription, MixTypeName, InputBatchUnit, InputDensityPoundsPerGallon, OutputBatchUnit, MachineName, IsActive, CreatedDate, CreatedByUserId, LastUpdatedDate, LastUpdatedByUserId) values ('3040', 'Genflo 2002 Latex', NULL, 'lbs', NULL, NULL, NULL, 1, '2022-06-06T14:24:29', 'admin', '2022-06-06T14:24:29', 'admin')
insert CoatingComponent (ReferenceNumber, CoatingComponentDescription, MixTypeName, InputBatchUnit, InputDensityPoundsPerGallon, OutputBatchUnit, MachineName, IsActive, CreatedDate, CreatedByUserId, LastUpdatedDate, LastUpdatedByUserId) values ('3051', 'Akrochem Green E 2616', NULL, 'lbs', NULL, NULL, NULL, 1, '2022-06-06T14:24:29', 'admin', '2022-06-06T14:24:29', 'admin')
insert CoatingComponent (ReferenceNumber, CoatingComponentDescription, MixTypeName, InputBatchUnit, InputDensityPoundsPerGallon, OutputBatchUnit, MachineName, IsActive, CreatedDate, CreatedByUserId, LastUpdatedDate, LastUpdatedByUserId) values ('3052', 'Akrosperse Green MB 414', NULL, 'lbs', NULL, NULL, NULL, 1, '2022-06-06T14:24:29', 'admin', '2022-06-06T14:24:29', 'admin')
insert CoatingComponent (ReferenceNumber, CoatingComponentDescription, MixTypeName, InputBatchUnit, InputDensityPoundsPerGallon, OutputBatchUnit, MachineName, IsActive, CreatedDate, CreatedByUserId, LastUpdatedDate, LastUpdatedByUserId) values ('3059', 'GSDI Silcopas Blue 86404', NULL, 'lbs', NULL, NULL, NULL, 1, '2022-06-06T14:24:29', 'admin', '2022-06-06T14:24:29', 'admin')
insert CoatingComponent (ReferenceNumber, CoatingComponentDescription, MixTypeName, InputBatchUnit, InputDensityPoundsPerGallon, OutputBatchUnit, MachineName, IsActive, CreatedDate, CreatedByUserId, LastUpdatedDate, LastUpdatedByUserId) values ('3062', 'Liquid Caustic 50%', NULL, 'lbs', NULL, NULL, NULL, 1, '2022-06-06T14:24:29', 'admin', '2022-06-06T14:24:29', 'admin')
insert CoatingComponent (ReferenceNumber, CoatingComponentDescription, MixTypeName, InputBatchUnit, InputDensityPoundsPerGallon, OutputBatchUnit, MachineName, IsActive, CreatedDate, CreatedByUserId, LastUpdatedDate, LastUpdatedByUserId) values ('3065', 'VP106 Latex', NULL, 'lbs', NULL, NULL, NULL, 1, '2022-06-06T14:24:29', 'admin', '2022-06-06T14:24:29', 'admin')
insert CoatingComponent (ReferenceNumber, CoatingComponentDescription, MixTypeName, InputBatchUnit, InputDensityPoundsPerGallon, OutputBatchUnit, MachineName, IsActive, CreatedDate, CreatedByUserId, LastUpdatedDate, LastUpdatedByUserId) values ('3068', 'PENACOLITE RESIN R-2170', NULL, 'lbs', NULL, NULL, NULL, 1, '2022-09-28T17:43:25', 'Michelle Saito', '2022-09-28T17:43:25', 'Michelle Saito')
insert CoatingComponent (ReferenceNumber, CoatingComponentDescription, MixTypeName, InputBatchUnit, InputDensityPoundsPerGallon, OutputBatchUnit, MachineName, IsActive, CreatedDate, CreatedByUserId, LastUpdatedDate, LastUpdatedByUserId) values ('3073', 'GSDI Silcopas Red 68871', NULL, 'lbs', NULL, NULL, NULL, 1, '2022-06-06T14:24:29', 'admin', '2022-06-06T14:24:29', 'admin')
insert CoatingComponent (ReferenceNumber, CoatingComponentDescription, MixTypeName, InputBatchUnit, InputDensityPoundsPerGallon, OutputBatchUnit, MachineName, IsActive, CreatedDate, CreatedByUserId, LastUpdatedDate, LastUpdatedByUserId) values ('3078', 'Brown Pigment', NULL, 'lbs', NULL, NULL, NULL, 1, '2022-06-06T14:24:29', 'admin', '2022-06-06T14:24:29', 'admin')
insert CoatingComponent (ReferenceNumber, CoatingComponentDescription, MixTypeName, InputBatchUnit, InputDensityPoundsPerGallon, OutputBatchUnit, MachineName, IsActive, CreatedDate, CreatedByUserId, LastUpdatedDate, LastUpdatedByUserId) values ('3080', '571 Neoprene Latex', NULL, 'lbs', NULL, NULL, NULL, 1, '2022-06-06T14:24:29', 'admin', '2022-06-06T14:24:29', 'admin')
insert CoatingComponent (ReferenceNumber, CoatingComponentDescription, MixTypeName, InputBatchUnit, InputDensityPoundsPerGallon, OutputBatchUnit, MachineName, IsActive, CreatedDate, CreatedByUserId, LastUpdatedDate, LastUpdatedByUserId) values ('3090', 'Resorcinol', NULL, 'lbs', NULL, NULL, NULL, 1, '2022-06-06T14:24:29', 'admin', '2022-06-06T14:24:29', 'admin')
insert CoatingComponent (ReferenceNumber, CoatingComponentDescription, MixTypeName, InputBatchUnit, InputDensityPoundsPerGallon, OutputBatchUnit, MachineName, IsActive, CreatedDate, CreatedByUserId, LastUpdatedDate, LastUpdatedByUserId) values ('3094', 'DIRPANOL OP-10', NULL, 'lbs', NULL, NULL, NULL, 1, '2022-09-28T17:43:42', 'Michelle Saito', '2022-09-28T17:43:42', 'Michelle Saito')
insert CoatingComponent (ReferenceNumber, CoatingComponentDescription, MixTypeName, InputBatchUnit, InputDensityPoundsPerGallon, OutputBatchUnit, MachineName, IsActive, CreatedDate, CreatedByUserId, LastUpdatedDate, LastUpdatedByUserId) values ('3095', 'SRF-1524', NULL, 'lbs', NULL, NULL, NULL, 1, '2022-06-06T14:24:29', 'admin', '2022-06-06T14:24:29', 'admin')
insert CoatingComponent (ReferenceNumber, CoatingComponentDescription, MixTypeName, InputBatchUnit, InputDensityPoundsPerGallon, OutputBatchUnit, MachineName, IsActive, CreatedDate, CreatedByUserId, LastUpdatedDate, LastUpdatedByUserId) values ('3110', 'Water', NULL, 'lbs', NULL, NULL, NULL, 1, '2022-06-06T14:24:29', 'admin', '2022-06-06T14:24:29', 'admin')
insert CoatingComponent (ReferenceNumber, CoatingComponentDescription, MixTypeName, InputBatchUnit, InputDensityPoundsPerGallon, OutputBatchUnit, MachineName, IsActive, CreatedDate, CreatedByUserId, LastUpdatedDate, LastUpdatedByUserId) values ('3117', 'DIRPASOL SLS28', NULL, 'lbs', NULL, NULL, NULL, 1, '2022-09-28T17:42:52', 'Michelle Saito', '2022-09-28T17:42:52', 'Michelle Saito')
insert CoatingComponent (ReferenceNumber, CoatingComponentDescription, MixTypeName, InputBatchUnit, InputDensityPoundsPerGallon, OutputBatchUnit, MachineName, IsActive, CreatedDate, CreatedByUserId, LastUpdatedDate, LastUpdatedByUserId) values ('3118', 'APCOQUEST ESC', NULL, 'lbs', NULL, NULL, NULL, 1, '2022-09-28T17:43:08', 'Michelle Saito', '2022-09-28T17:43:08', 'Michelle Saito')
insert CoatingComponent (ReferenceNumber, CoatingComponentDescription, MixTypeName, InputBatchUnit, InputDensityPoundsPerGallon, OutputBatchUnit, MachineName, IsActive, CreatedDate, CreatedByUserId, LastUpdatedDate, LastUpdatedByUserId) values ('3119', 'CARO BLAST 612', NULL, 'lbs', NULL, NULL, NULL, 1, '2022-09-28T17:43:57', 'Michelle Saito', '2022-09-28T17:43:57', 'Michelle Saito')
insert CoatingComponent (ReferenceNumber, CoatingComponentDescription, MixTypeName, InputBatchUnit, InputDensityPoundsPerGallon, OutputBatchUnit, MachineName, IsActive, CreatedDate, CreatedByUserId, LastUpdatedDate, LastUpdatedByUserId) values ('3120', 'CHLOROPRENE 750', NULL, 'lbs', NULL, NULL, NULL, 1, '2022-09-28T17:42:37', 'Michelle Saito', '2022-09-28T17:42:37', 'Michelle Saito')
insert CoatingComponent (ReferenceNumber, CoatingComponentDescription, MixTypeName, InputBatchUnit, InputDensityPoundsPerGallon, OutputBatchUnit, MachineName, IsActive, CreatedDate, CreatedByUserId, LastUpdatedDate, LastUpdatedByUserId) values ('3600A', 'Dow 3600 A', NULL, 'lbs', NULL, NULL, NULL, 1, '2022-06-06T14:24:29', 'admin', '2022-06-06T14:24:29', 'admin')
insert CoatingComponent (ReferenceNumber, CoatingComponentDescription, MixTypeName, InputBatchUnit, InputDensityPoundsPerGallon, OutputBatchUnit, MachineName, IsActive, CreatedDate, CreatedByUserId, LastUpdatedDate, LastUpdatedByUserId) values ('3600B', 'Dow 3600 B', NULL, 'lbs', NULL, NULL, NULL, 1, '2022-06-06T14:24:29', 'admin', '2022-06-06T14:24:29', 'admin')
insert CoatingComponent (ReferenceNumber, CoatingComponentDescription, MixTypeName, InputBatchUnit, InputDensityPoundsPerGallon, OutputBatchUnit, MachineName, IsActive, CreatedDate, CreatedByUserId, LastUpdatedDate, LastUpdatedByUserId) values ('4005', 'Vanwet 9N9', NULL, 'lbs', NULL, NULL, NULL, 1, '2022-06-06T14:24:29', 'admin', '2022-06-06T14:24:29', 'admin')
insert CoatingComponent (ReferenceNumber, CoatingComponentDescription, MixTypeName, InputBatchUnit, InputDensityPoundsPerGallon, OutputBatchUnit, MachineName, IsActive, CreatedDate, CreatedByUserId, LastUpdatedDate, LastUpdatedByUserId) values ('4014', 'Xiameter AFE-1410', NULL, 'lbs', NULL, NULL, NULL, 1, '2022-06-06T14:24:29', 'admin', '2022-06-06T14:24:29', 'admin')
insert CoatingComponent (ReferenceNumber, CoatingComponentDescription, MixTypeName, InputBatchUnit, InputDensityPoundsPerGallon, OutputBatchUnit, MachineName, IsActive, CreatedDate, CreatedByUserId, LastUpdatedDate, LastUpdatedByUserId) values ('4300A', 'Dow 4300 A', NULL, 'lbs', NULL, NULL, NULL, 1, '2022-06-06T14:24:29', 'admin', '2022-06-06T14:24:29', 'admin')
insert CoatingComponent (ReferenceNumber, CoatingComponentDescription, MixTypeName, InputBatchUnit, InputDensityPoundsPerGallon, OutputBatchUnit, MachineName, IsActive, CreatedDate, CreatedByUserId, LastUpdatedDate, LastUpdatedByUserId) values ('4300B', 'Dow 4300 B', NULL, 'lbs', NULL, NULL, NULL, 1, '2022-06-06T14:24:29', 'admin', '2022-06-06T14:24:29', 'admin')
insert CoatingComponent (ReferenceNumber, CoatingComponentDescription, MixTypeName, InputBatchUnit, InputDensityPoundsPerGallon, OutputBatchUnit, MachineName, IsActive, CreatedDate, CreatedByUserId, LastUpdatedDate, LastUpdatedByUserId) values ('6010', '1521-43', NULL, 'lbs', NULL, NULL, NULL, 1, '2022-06-06T14:24:29', 'admin', '2022-06-06T14:24:29', 'admin')
insert CoatingComponent (ReferenceNumber, CoatingComponentDescription, MixTypeName, InputBatchUnit, InputDensityPoundsPerGallon, OutputBatchUnit, MachineName, IsActive, CreatedDate, CreatedByUserId, LastUpdatedDate, LastUpdatedByUserId) values ('6040', '1547-1B', NULL, 'lbs', NULL, NULL, NULL, 1, '2022-06-06T14:24:29', 'admin', '2022-06-06T14:24:29', 'admin')
insert CoatingComponent (ReferenceNumber, CoatingComponentDescription, MixTypeName, InputBatchUnit, InputDensityPoundsPerGallon, OutputBatchUnit, MachineName, IsActive, CreatedDate, CreatedByUserId, LastUpdatedDate, LastUpdatedByUserId) values ('6123', 'K-75817 Maroon DTI', NULL, 'lbs', NULL, NULL, NULL, 1, '2022-06-06T14:24:29', 'admin', '2022-06-06T14:24:29', 'admin')
insert CoatingComponent (ReferenceNumber, CoatingComponentDescription, MixTypeName, InputBatchUnit, InputDensityPoundsPerGallon, OutputBatchUnit, MachineName, IsActive, CreatedDate, CreatedByUserId, LastUpdatedDate, LastUpdatedByUserId) values ('6125', 'MEK', NULL, 'lbs', NULL, NULL, NULL, 1, '2022-06-06T14:24:29', 'admin', '2022-06-06T14:24:29', 'admin')
insert CoatingComponent (ReferenceNumber, CoatingComponentDescription, MixTypeName, InputBatchUnit, InputDensityPoundsPerGallon, OutputBatchUnit, MachineName, IsActive, CreatedDate, CreatedByUserId, LastUpdatedDate, LastUpdatedByUserId) values ('6130', 'Rhenoslab Hexa-65SBR', NULL, 'lbs', NULL, NULL, NULL, 1, '2022-06-06T14:24:29', 'admin', '2022-06-06T14:24:29', 'admin')
insert CoatingComponent (ReferenceNumber, CoatingComponentDescription, MixTypeName, InputBatchUnit, InputDensityPoundsPerGallon, OutputBatchUnit, MachineName, IsActive, CreatedDate, CreatedByUserId, LastUpdatedDate, LastUpdatedByUserId) values ('6166', 'SLE 5400A GE', NULL, 'lbs', NULL, NULL, NULL, 1, '2022-06-06T14:24:29', 'admin', '2022-06-06T14:24:29', 'admin')
insert CoatingComponent (ReferenceNumber, CoatingComponentDescription, MixTypeName, InputBatchUnit, InputDensityPoundsPerGallon, OutputBatchUnit, MachineName, IsActive, CreatedDate, CreatedByUserId, LastUpdatedDate, LastUpdatedByUserId) values ('6167', 'SLE 5400B GE', NULL, 'lbs', NULL, NULL, NULL, 1, '2022-06-06T14:24:29', 'admin', '2022-06-06T14:24:29', 'admin')
insert CoatingComponent (ReferenceNumber, CoatingComponentDescription, MixTypeName, InputBatchUnit, InputDensityPoundsPerGallon, OutputBatchUnit, MachineName, IsActive, CreatedDate, CreatedByUserId, LastUpdatedDate, LastUpdatedByUserId) values ('6174', 'Grilbond', NULL, 'lbs', NULL, NULL, NULL, 1, '2022-06-06T14:24:29', 'admin', '2022-06-06T14:24:29', 'admin')
insert CoatingComponent (ReferenceNumber, CoatingComponentDescription, MixTypeName, InputBatchUnit, InputDensityPoundsPerGallon, OutputBatchUnit, MachineName, IsActive, CreatedDate, CreatedByUserId, LastUpdatedDate, LastUpdatedByUserId) values ('6183', 'Polymist F5', NULL, 'lbs', NULL, NULL, NULL, 1, '2022-06-06T14:24:29', 'admin', '2022-06-06T14:24:29', 'admin')
insert CoatingComponent (ReferenceNumber, CoatingComponentDescription, MixTypeName, InputBatchUnit, InputDensityPoundsPerGallon, OutputBatchUnit, MachineName, IsActive, CreatedDate, CreatedByUserId, LastUpdatedDate, LastUpdatedByUserId) values ('6184', 'Rhenoslab TiO2-80/NBR', NULL, 'lbs', NULL, NULL, NULL, 1, '2022-06-06T14:24:29', 'admin', '2022-06-06T14:24:29', 'admin')
insert CoatingComponent (ReferenceNumber, CoatingComponentDescription, MixTypeName, InputBatchUnit, InputDensityPoundsPerGallon, OutputBatchUnit, MachineName, IsActive, CreatedDate, CreatedByUserId, LastUpdatedDate, LastUpdatedByUserId) values ('720-101-030', 'Beadwrap Mix', 'RFL', 'lbs', 8.3400, 'lbs', NULL, 1, '2022-06-06T14:24:29', 'admin', '2022-06-06T14:24:29', 'admin')
insert CoatingComponent (ReferenceNumber, CoatingComponentDescription, MixTypeName, InputBatchUnit, InputDensityPoundsPerGallon, OutputBatchUnit, MachineName, IsActive, CreatedDate, CreatedByUserId, LastUpdatedDate, LastUpdatedByUserId) values ('720-101-032', 'Chafer Mix', 'RFL', 'lbs', 8.3400, 'lbs', NULL, 1, '2022-06-06T14:24:29', 'admin', '2022-06-06T14:24:29', 'admin')
insert CoatingComponent (ReferenceNumber, CoatingComponentDescription, MixTypeName, InputBatchUnit, InputDensityPoundsPerGallon, OutputBatchUnit, MachineName, IsActive, CreatedDate, CreatedByUserId, LastUpdatedDate, LastUpdatedByUserId) values ('720-102-001', '720-102-001', 'RFL', 'lbs', 8.3400, 'lbs', NULL, 1, '2022-06-06T14:24:29', 'admin', '2022-06-06T14:24:29', 'admin')
insert CoatingComponent (ReferenceNumber, CoatingComponentDescription, MixTypeName, InputBatchUnit, InputDensityPoundsPerGallon, OutputBatchUnit, MachineName, IsActive, CreatedDate, CreatedByUserId, LastUpdatedDate, LastUpdatedByUserId) values ('720-126-001', 'Arrested Master', 'RFL Arrested Master', 'lbs', 9.8077, 'lbs', NULL, 1, '2022-06-06T14:24:29', 'admin', '2022-06-06T14:24:29', 'admin')
insert CoatingComponent (ReferenceNumber, CoatingComponentDescription, MixTypeName, InputBatchUnit, InputDensityPoundsPerGallon, OutputBatchUnit, MachineName, IsActive, CreatedDate, CreatedByUserId, LastUpdatedDate, LastUpdatedByUserId) values ('720-505-001', 'Natural RFL Mix', NULL, 'lbs', NULL, 'lbs', NULL, 1, '2022-06-06T14:24:29', 'admin', '2022-06-06T14:24:29', 'admin')
insert CoatingComponent (ReferenceNumber, CoatingComponentDescription, MixTypeName, InputBatchUnit, InputDensityPoundsPerGallon, OutputBatchUnit, MachineName, IsActive, CreatedDate, CreatedByUserId, LastUpdatedDate, LastUpdatedByUserId) values ('720-505-005', '720-505-005', 'Solvated Rubber From Solid Rubber', 'lbs', 7.9200, 'lbs', NULL, 1, '2022-06-06T14:24:29', 'admin', '2022-06-06T14:24:29', 'admin')
insert CoatingComponent (ReferenceNumber, CoatingComponentDescription, MixTypeName, InputBatchUnit, InputDensityPoundsPerGallon, OutputBatchUnit, MachineName, IsActive, CreatedDate, CreatedByUserId, LastUpdatedDate, LastUpdatedByUserId) values ('720-505-005HV', 'High Tack High Viscosity', 'Solvated Rubber From Solid Rubber', 'lbs', 8.6050, 'lbs', 'Frame 3', 1, '2022-06-06T14:24:29', 'admin', '2022-06-22T15:53:52', 'Michelle Saito')
insert CoatingComponent (ReferenceNumber, CoatingComponentDescription, MixTypeName, InputBatchUnit, InputDensityPoundsPerGallon, OutputBatchUnit, MachineName, IsActive, CreatedDate, CreatedByUserId, LastUpdatedDate, LastUpdatedByUserId) values ('720-505-005LV', 'High Tack Low Viscosity', 'Solvated Rubber From Solid Rubber', 'lbs', 8.3540, 'lbs', 'Frame 3', 1, '2022-06-06T14:24:29', 'admin', '2022-06-06T14:24:29', 'admin')
insert CoatingComponent (ReferenceNumber, CoatingComponentDescription, MixTypeName, InputBatchUnit, InputDensityPoundsPerGallon, OutputBatchUnit, MachineName, IsActive, CreatedDate, CreatedByUserId, LastUpdatedDate, LastUpdatedByUserId) values ('7515A', 'Elkem A', NULL, 'lbs', NULL, NULL, NULL, 1, '2022-06-06T14:24:29', 'admin', '2022-06-06T14:24:29', 'admin')
insert CoatingComponent (ReferenceNumber, CoatingComponentDescription, MixTypeName, InputBatchUnit, InputDensityPoundsPerGallon, OutputBatchUnit, MachineName, IsActive, CreatedDate, CreatedByUserId, LastUpdatedDate, LastUpdatedByUserId) values ('7515B', 'Elkem B', NULL, 'lbs', NULL, NULL, NULL, 1, '2022-06-06T14:24:29', 'admin', '2022-06-06T14:24:29', 'admin')
insert CoatingComponent (ReferenceNumber, CoatingComponentDescription, MixTypeName, InputBatchUnit, InputDensityPoundsPerGallon, OutputBatchUnit, MachineName, IsActive, CreatedDate, CreatedByUserId, LastUpdatedDate, LastUpdatedByUserId) values ('7525', 'Tackier Vbelt Rubber', NULL, 'lbs', NULL, NULL, NULL, 1, '2022-06-06T14:24:29', 'admin', '2022-06-06T14:24:29', 'admin')
insert CoatingComponent (ReferenceNumber, CoatingComponentDescription, MixTypeName, InputBatchUnit, InputDensityPoundsPerGallon, OutputBatchUnit, MachineName, IsActive, CreatedDate, CreatedByUserId, LastUpdatedDate, LastUpdatedByUserId) values ('7525-43', 'Tacky', 'Solvated Rubber From Solid Rubber', 'lbs', 9.2670, 'lbs', 'Frame 3', 1, '2022-06-06T14:24:29', 'admin', '2022-06-22T15:49:05', 'Michelle Saito')
insert CoatingComponent (ReferenceNumber, CoatingComponentDescription, MixTypeName, InputBatchUnit, InputDensityPoundsPerGallon, OutputBatchUnit, MachineName, IsActive, CreatedDate, CreatedByUserId, LastUpdatedDate, LastUpdatedByUserId) values ('AK5R', 'AKROFLON 5R- MICRONIZED PTFE', NULL, 'lbs', NULL, NULL, NULL, 1, '2022-06-06T14:24:29', 'admin', '2022-06-06T14:24:29', 'admin')
insert CoatingComponent (ReferenceNumber, CoatingComponentDescription, MixTypeName, InputBatchUnit, InputDensityPoundsPerGallon, OutputBatchUnit, MachineName, IsActive, CreatedDate, CreatedByUserId, LastUpdatedDate, LastUpdatedByUserId) values ('BB7348DAZ', 'Timken CCr with Cotton', NULL, 'lbs', NULL, NULL, NULL, 1, '2022-06-06T14:24:29', 'admin', '2022-06-06T14:24:29', 'admin')
insert CoatingComponent (ReferenceNumber, CoatingComponentDescription, MixTypeName, InputBatchUnit, InputDensityPoundsPerGallon, OutputBatchUnit, MachineName, IsActive, CreatedDate, CreatedByUserId, LastUpdatedDate, LastUpdatedByUserId) values ('Ester 3', 'Timken Staybelite Ester', NULL, 'lbs', NULL, NULL, NULL, 1, '2022-06-06T14:24:29', 'admin', '2022-06-06T14:24:29', 'admin')
insert CoatingComponent (ReferenceNumber, CoatingComponentDescription, MixTypeName, InputBatchUnit, InputDensityPoundsPerGallon, OutputBatchUnit, MachineName, IsActive, CreatedDate, CreatedByUserId, LastUpdatedDate, LastUpdatedByUserId) values ('FG-329', 'FIBRE GLAST MILLED GLASS 1/16"', NULL, 'lbs', NULL, NULL, NULL, 1, '2022-06-06T14:24:29', 'admin', '2022-06-06T14:24:29', 'admin')
insert CoatingComponent (ReferenceNumber, CoatingComponentDescription, MixTypeName, InputBatchUnit, InputDensityPoundsPerGallon, OutputBatchUnit, MachineName, IsActive, CreatedDate, CreatedByUserId, LastUpdatedDate, LastUpdatedByUserId) values ('LCF BLK', 'SX LCF BLK Pt 1', NULL, 'lbs', NULL, NULL, NULL, 1, '2022-06-06T14:24:29', 'admin', '2022-06-06T14:24:29', 'admin')
insert CoatingComponent (ReferenceNumber, CoatingComponentDescription, MixTypeName, InputBatchUnit, InputDensityPoundsPerGallon, OutputBatchUnit, MachineName, IsActive, CreatedDate, CreatedByUserId, LastUpdatedDate, LastUpdatedByUserId) values ('LCF WC', 'SX LCF WHT Pt 1 Conductive', NULL, 'lbs', NULL, NULL, NULL, 1, '2022-06-06T14:24:29', 'admin', '2022-06-06T14:24:29', 'admin')
insert CoatingComponent (ReferenceNumber, CoatingComponentDescription, MixTypeName, InputBatchUnit, InputDensityPoundsPerGallon, OutputBatchUnit, MachineName, IsActive, CreatedDate, CreatedByUserId, LastUpdatedDate, LastUpdatedByUserId) values ('LCF WNF', 'SX LCF WHT Pt 1 w/o CF', NULL, 'lbs', NULL, NULL, NULL, 1, '2022-06-06T14:24:29', 'admin', '2022-06-06T14:24:29', 'admin')
insert CoatingComponent (ReferenceNumber, CoatingComponentDescription, MixTypeName, InputBatchUnit, InputDensityPoundsPerGallon, OutputBatchUnit, MachineName, IsActive, CreatedDate, CreatedByUserId, LastUpdatedDate, LastUpdatedByUserId) values ('LEGACY-AMMONIA', 'Legacy component for transitional reporting', NULL, 'lbs', 1.0000, NULL, NULL, 0, '2022-06-06T14:24:29', 'admin', '2022-06-06T14:24:29', 'admin')
insert CoatingComponent (ReferenceNumber, CoatingComponentDescription, MixTypeName, InputBatchUnit, InputDensityPoundsPerGallon, OutputBatchUnit, MachineName, IsActive, CreatedDate, CreatedByUserId, LastUpdatedDate, LastUpdatedByUserId) values ('LEGACY-DMF', 'Legacy component for transitional reporting', NULL, 'lbs', 1.0000, NULL, NULL, 0, '2022-06-06T14:24:29', 'admin', '2022-06-06T14:24:29', 'admin')
insert CoatingComponent (ReferenceNumber, CoatingComponentDescription, MixTypeName, InputBatchUnit, InputDensityPoundsPerGallon, OutputBatchUnit, MachineName, IsActive, CreatedDate, CreatedByUserId, LastUpdatedDate, LastUpdatedByUserId) values ('LEGACY-FORMALDEHYDE', 'Legacy component for transitional reporting', NULL, 'lbs', 1.4500, NULL, NULL, 0, '2022-06-06T14:24:29', 'admin', '2022-06-06T14:24:29', 'admin')
insert CoatingComponent (ReferenceNumber, CoatingComponentDescription, MixTypeName, InputBatchUnit, InputDensityPoundsPerGallon, OutputBatchUnit, MachineName, IsActive, CreatedDate, CreatedByUserId, LastUpdatedDate, LastUpdatedByUserId) values ('LEGACY-GENFLO', 'Legacy component for transitional reporting', NULL, 'lbs', 1.0000, NULL, NULL, 0, '2022-06-06T14:24:29', 'admin', '2022-06-06T14:24:29', 'admin')
insert CoatingComponent (ReferenceNumber, CoatingComponentDescription, MixTypeName, InputBatchUnit, InputDensityPoundsPerGallon, OutputBatchUnit, MachineName, IsActive, CreatedDate, CreatedByUserId, LastUpdatedDate, LastUpdatedByUserId) values ('LEGACY-IPA', 'Legacy component for transitional reporting', NULL, 'lbs', 1.0000, NULL, NULL, 0, '2022-06-06T14:24:29', 'admin', '2022-06-06T14:24:29', 'admin')
insert CoatingComponent (ReferenceNumber, CoatingComponentDescription, MixTypeName, InputBatchUnit, InputDensityPoundsPerGallon, OutputBatchUnit, MachineName, IsActive, CreatedDate, CreatedByUserId, LastUpdatedDate, LastUpdatedByUserId) values ('LEGACY-MDI', 'Legacy component for transitional reporting', NULL, 'lbs', 1.0000, NULL, NULL, 0, '2022-06-06T14:24:29', 'admin', '2022-06-06T14:24:29', 'admin')
insert CoatingComponent (ReferenceNumber, CoatingComponentDescription, MixTypeName, InputBatchUnit, InputDensityPoundsPerGallon, OutputBatchUnit, MachineName, IsActive, CreatedDate, CreatedByUserId, LastUpdatedDate, LastUpdatedByUserId) values ('LEGACY-MEK', 'Legacy component for transitional reporting', NULL, 'lbs', 1.0000, NULL, NULL, 0, '2022-06-06T14:24:29', 'admin', '2022-06-06T14:24:29', 'admin')
insert CoatingComponent (ReferenceNumber, CoatingComponentDescription, MixTypeName, InputBatchUnit, InputDensityPoundsPerGallon, OutputBatchUnit, MachineName, IsActive, CreatedDate, CreatedByUserId, LastUpdatedDate, LastUpdatedByUserId) values ('LEGACY-NEOPRENE', 'Legacy component for transitional reporting', NULL, 'lbs', 1.0000, NULL, NULL, 0, '2022-06-06T14:24:29', 'admin', '2022-06-06T14:24:29', 'admin')
insert CoatingComponent (ReferenceNumber, CoatingComponentDescription, MixTypeName, InputBatchUnit, InputDensityPoundsPerGallon, OutputBatchUnit, MachineName, IsActive, CreatedDate, CreatedByUserId, LastUpdatedDate, LastUpdatedByUserId) values ('LEGACY-PGLYCOL', 'Legacy component for transitional reporting', NULL, 'lbs', 1.0000, NULL, NULL, 0, '2022-06-06T14:24:29', 'admin', '2022-06-06T14:24:29', 'admin')
insert CoatingComponent (ReferenceNumber, CoatingComponentDescription, MixTypeName, InputBatchUnit, InputDensityPoundsPerGallon, OutputBatchUnit, MachineName, IsActive, CreatedDate, CreatedByUserId, LastUpdatedDate, LastUpdatedByUserId) values ('LEGACY-RFL-MIX', 'Legacy component for transitional reporting', 'RFL', NULL, 1.0000, 'gal.', 'Frame 3', 0, '2022-06-06T14:24:29', 'admin', '2022-06-06T14:24:29', 'admin')
insert CoatingComponent (ReferenceNumber, CoatingComponentDescription, MixTypeName, InputBatchUnit, InputDensityPoundsPerGallon, OutputBatchUnit, MachineName, IsActive, CreatedDate, CreatedByUserId, LastUpdatedDate, LastUpdatedByUserId) values ('LEGACY-RUBBER', 'Legacy component for transitional reporting', NULL, 'lbs', 1.0000, NULL, NULL, 0, '2022-06-06T14:24:29', 'admin', '2022-06-06T14:24:29', 'admin')
insert CoatingComponent (ReferenceNumber, CoatingComponentDescription, MixTypeName, InputBatchUnit, InputDensityPoundsPerGallon, OutputBatchUnit, MachineName, IsActive, CreatedDate, CreatedByUserId, LastUpdatedDate, LastUpdatedByUserId) values ('LEGACY-TOLUENE', 'Legacy component for transitional reporting', NULL, 'lbs', 1.0000, NULL, NULL, 0, '2022-06-06T14:24:29', 'admin', '2022-06-06T14:24:29', 'admin')
insert CoatingComponent (ReferenceNumber, CoatingComponentDescription, MixTypeName, InputBatchUnit, InputDensityPoundsPerGallon, OutputBatchUnit, MachineName, IsActive, CreatedDate, CreatedByUserId, LastUpdatedDate, LastUpdatedByUserId) values ('LEGACY-TOLUENE-MIX', 'Legacy component for transitional reporting', 'Solvated Rubber From Solid Rubber', NULL, 1.0000, 'gal.', 'Frame 3', 0, '2022-06-06T14:24:29', 'admin', '2022-06-06T14:24:29', 'admin')
insert CoatingComponent (ReferenceNumber, CoatingComponentDescription, MixTypeName, InputBatchUnit, InputDensityPoundsPerGallon, OutputBatchUnit, MachineName, IsActive, CreatedDate, CreatedByUserId, LastUpdatedDate, LastUpdatedByUserId) values ('LEGACY-URETHANE', 'Legacy component for transitional reporting', NULL, 'lbs', 1.0000, NULL, NULL, 0, '2022-06-06T14:24:29', 'admin', '2022-06-06T14:24:29', 'admin')
insert CoatingComponent (ReferenceNumber, CoatingComponentDescription, MixTypeName, InputBatchUnit, InputDensityPoundsPerGallon, OutputBatchUnit, MachineName, IsActive, CreatedDate, CreatedByUserId, LastUpdatedDate, LastUpdatedByUserId) values ('LEGACY-URETHANE-MIX', 'Legacy component for transitional reporting', 'Urethane', NULL, 1.0000, 'gal.', 'Frame 4', 0, '2022-06-06T14:24:29', 'admin', '2022-06-06T14:24:29', 'admin')
insert CoatingComponent (ReferenceNumber, CoatingComponentDescription, MixTypeName, InputBatchUnit, InputDensityPoundsPerGallon, OutputBatchUnit, MachineName, IsActive, CreatedDate, CreatedByUserId, LastUpdatedDate, LastUpdatedByUserId) values ('LEGACY-VP106', 'Legacy component for transitional reporting', NULL, 'lbs', 1.0000, NULL, NULL, 0, '2022-06-06T14:24:29', 'admin', '2022-06-06T14:24:29', 'admin')
insert CoatingComponent (ReferenceNumber, CoatingComponentDescription, MixTypeName, InputBatchUnit, InputDensityPoundsPerGallon, OutputBatchUnit, MachineName, IsActive, CreatedDate, CreatedByUserId, LastUpdatedDate, LastUpdatedByUserId) values ('LSXBASE-WC', 'SX White Conductive Part A', 'SX Top without Toluene', 'lbs', 8.6200, 'lbs', NULL, 0, '2022-06-06T14:24:29', 'admin', '2022-06-24T14:54:32', 'Michelle Saito')
insert CoatingComponent (ReferenceNumber, CoatingComponentDescription, MixTypeName, InputBatchUnit, InputDensityPoundsPerGallon, OutputBatchUnit, MachineName, IsActive, CreatedDate, CreatedByUserId, LastUpdatedDate, LastUpdatedByUserId) values ('LSXCURE-WC', 'SX White Conductive Part B', NULL, 'lbs', NULL, 'lbs', NULL, 1, '2022-06-06T14:24:29', 'admin', '2022-06-06T14:24:29', 'admin')
insert CoatingComponent (ReferenceNumber, CoatingComponentDescription, MixTypeName, InputBatchUnit, InputDensityPoundsPerGallon, OutputBatchUnit, MachineName, IsActive, CreatedDate, CreatedByUserId, LastUpdatedDate, LastUpdatedByUserId) values ('MS BLK', 'SX MS BLK Pt 1', NULL, 'lbs', NULL, NULL, NULL, 1, '2022-06-06T14:24:29', 'admin', '2022-06-06T14:24:29', 'admin')
insert CoatingComponent (ReferenceNumber, CoatingComponentDescription, MixTypeName, InputBatchUnit, InputDensityPoundsPerGallon, OutputBatchUnit, MachineName, IsActive, CreatedDate, CreatedByUserId, LastUpdatedDate, LastUpdatedByUserId) values ('RBL-9119', 'RBL-9119', NULL, 'lbs', NULL, NULL, NULL, 1, '2022-06-06T14:24:29', 'admin', '2022-06-06T14:24:29', 'admin')
insert CoatingComponent (ReferenceNumber, CoatingComponentDescription, MixTypeName, InputBatchUnit, InputDensityPoundsPerGallon, OutputBatchUnit, MachineName, IsActive, CreatedDate, CreatedByUserId, LastUpdatedDate, LastUpdatedByUserId) values ('SA1302', '1302- extra white mix', NULL, 'lbs', NULL, NULL, NULL, 1, '2022-06-06T14:24:29', 'admin', '2022-06-06T14:24:29', 'admin')
insert CoatingComponent (ReferenceNumber, CoatingComponentDescription, MixTypeName, InputBatchUnit, InputDensityPoundsPerGallon, OutputBatchUnit, MachineName, IsActive, CreatedDate, CreatedByUserId, LastUpdatedDate, LastUpdatedByUserId) values ('SA1302-A', '1302 - extra white mix bucket bucket', NULL, 'lbs', NULL, NULL, NULL, 1, '2022-06-06T14:24:29', 'admin', '2022-06-06T14:24:29', 'admin')
insert CoatingComponent (ReferenceNumber, CoatingComponentDescription, MixTypeName, InputBatchUnit, InputDensityPoundsPerGallon, OutputBatchUnit, MachineName, IsActive, CreatedDate, CreatedByUserId, LastUpdatedDate, LastUpdatedByUserId) values ('SA1302-P007', 'Extra White Mix PAPI 7', 'Urethane', 'lbs', 7.5758, 'lbs', 'Frame 4', 1, '2022-06-06T14:24:29', 'admin', '2022-06-06T14:24:29', 'admin')
insert CoatingComponent (ReferenceNumber, CoatingComponentDescription, MixTypeName, InputBatchUnit, InputDensityPoundsPerGallon, OutputBatchUnit, MachineName, IsActive, CreatedDate, CreatedByUserId, LastUpdatedDate, LastUpdatedByUserId) values ('SA1310', '1310 - white mix', NULL, 'lbs', NULL, NULL, NULL, 1, '2022-06-06T14:24:29', 'admin', '2022-06-06T14:24:29', 'admin')
insert CoatingComponent (ReferenceNumber, CoatingComponentDescription, MixTypeName, InputBatchUnit, InputDensityPoundsPerGallon, OutputBatchUnit, MachineName, IsActive, CreatedDate, CreatedByUserId, LastUpdatedDate, LastUpdatedByUserId) values ('SA1310-A', '1310 - white mix bucket', NULL, 'lbs', NULL, NULL, NULL, 1, '2022-06-06T14:24:29', 'admin', '2022-06-06T14:24:29', 'admin')
insert CoatingComponent (ReferenceNumber, CoatingComponentDescription, MixTypeName, InputBatchUnit, InputDensityPoundsPerGallon, OutputBatchUnit, MachineName, IsActive, CreatedDate, CreatedByUserId, LastUpdatedDate, LastUpdatedByUserId) values ('SA1310-P007', 'White Mix PAPI 7', 'Urethane', 'lbs', 7.5758, 'lbs', 'Frame 4', 1, '2022-06-06T14:24:29', 'admin', '2022-06-06T14:24:29', 'admin')
insert CoatingComponent (ReferenceNumber, CoatingComponentDescription, MixTypeName, InputBatchUnit, InputDensityPoundsPerGallon, OutputBatchUnit, MachineName, IsActive, CreatedDate, CreatedByUserId, LastUpdatedDate, LastUpdatedByUserId) values ('SA1310-P015', 'White Mix PAPI 15', 'Urethane', 'lbs', 7.5758, 'lbs', 'Frame 4', 1, '2022-06-06T14:24:29', 'admin', '2022-06-06T14:24:29', 'admin')
insert CoatingComponent (ReferenceNumber, CoatingComponentDescription, MixTypeName, InputBatchUnit, InputDensityPoundsPerGallon, OutputBatchUnit, MachineName, IsActive, CreatedDate, CreatedByUserId, LastUpdatedDate, LastUpdatedByUserId) values ('SA1310-P020', 'White Mix PAPI 20', 'Urethane', 'lbs', 7.5758, 'lbs', 'Frame 4', 1, '2022-06-06T14:24:29', 'admin', '2022-06-06T14:24:29', 'admin')
insert CoatingComponent (ReferenceNumber, CoatingComponentDescription, MixTypeName, InputBatchUnit, InputDensityPoundsPerGallon, OutputBatchUnit, MachineName, IsActive, CreatedDate, CreatedByUserId, LastUpdatedDate, LastUpdatedByUserId) values ('SA1346', 'SA1346 - B mix', NULL, 'lbs', NULL, NULL, NULL, 1, '2022-06-06T14:24:29', 'admin', '2022-06-06T14:24:29', 'admin')
insert CoatingComponent (ReferenceNumber, CoatingComponentDescription, MixTypeName, InputBatchUnit, InputDensityPoundsPerGallon, OutputBatchUnit, MachineName, IsActive, CreatedDate, CreatedByUserId, LastUpdatedDate, LastUpdatedByUserId) values ('SA1346-A', '1346 - B mix bucket', NULL, 'lbs', NULL, NULL, NULL, 1, '2022-06-06T14:24:29', 'admin', '2022-06-06T14:24:29', 'admin')
insert CoatingComponent (ReferenceNumber, CoatingComponentDescription, MixTypeName, InputBatchUnit, InputDensityPoundsPerGallon, OutputBatchUnit, MachineName, IsActive, CreatedDate, CreatedByUserId, LastUpdatedDate, LastUpdatedByUserId) values ('SA1346-P007', 'B Mix PAPI 7', 'Urethane', 'lbs', 7.5758, 'lbs', 'Frame 4', 1, '2022-06-06T14:24:29', 'admin', '2022-06-06T14:24:29', 'admin')
insert CoatingComponent (ReferenceNumber, CoatingComponentDescription, MixTypeName, InputBatchUnit, InputDensityPoundsPerGallon, OutputBatchUnit, MachineName, IsActive, CreatedDate, CreatedByUserId, LastUpdatedDate, LastUpdatedByUserId) values ('SA1346-P015', 'B Mix PAPI 15', 'Urethane', 'lbs', 7.5758, 'lbs', 'Frame 4', 1, '2022-06-06T14:24:29', 'admin', '2022-06-06T14:24:29', 'admin')
insert CoatingComponent (ReferenceNumber, CoatingComponentDescription, MixTypeName, InputBatchUnit, InputDensityPoundsPerGallon, OutputBatchUnit, MachineName, IsActive, CreatedDate, CreatedByUserId, LastUpdatedDate, LastUpdatedByUserId) values ('SA1349', 'SA1349 - A mix', 'Supplier', 'lbs', NULL, 'lbs', 'Frame 4', 1, '2022-06-06T14:24:29', 'admin', '2022-10-24T18:56:56', 'Michelle Saito')
insert CoatingComponent (ReferenceNumber, CoatingComponentDescription, MixTypeName, InputBatchUnit, InputDensityPoundsPerGallon, OutputBatchUnit, MachineName, IsActive, CreatedDate, CreatedByUserId, LastUpdatedDate, LastUpdatedByUserId) values ('SA1349-A', '1349 - A mix bucket', NULL, 'lbs', NULL, NULL, NULL, 1, '2022-06-06T14:24:29', 'admin', '2022-06-06T14:24:29', 'admin')
insert CoatingComponent (ReferenceNumber, CoatingComponentDescription, MixTypeName, InputBatchUnit, InputDensityPoundsPerGallon, OutputBatchUnit, MachineName, IsActive, CreatedDate, CreatedByUserId, LastUpdatedDate, LastUpdatedByUserId) values ('SA1349-P007', 'A Mix PAPI 7', 'Urethane', 'lbs', 7.5758, 'lbs', 'Frame 4', 1, '2022-06-06T14:24:29', 'admin', '2022-06-06T14:24:29', 'admin')
insert CoatingComponent (ReferenceNumber, CoatingComponentDescription, MixTypeName, InputBatchUnit, InputDensityPoundsPerGallon, OutputBatchUnit, MachineName, IsActive, CreatedDate, CreatedByUserId, LastUpdatedDate, LastUpdatedByUserId) values ('SA1349-P015', 'A Mix PAPI 15', 'Urethane', 'lbs', 7.5758, 'lbs', 'Frame 4', 1, '2022-06-06T14:24:29', 'admin', '2022-06-06T14:24:29', 'admin')
insert CoatingComponent (ReferenceNumber, CoatingComponentDescription, MixTypeName, InputBatchUnit, InputDensityPoundsPerGallon, OutputBatchUnit, MachineName, IsActive, CreatedDate, CreatedByUserId, LastUpdatedDate, LastUpdatedByUserId) values ('SA1349-P020', 'A Mix PAPI 20', 'Urethane', 'lbs', 7.5758, 'lbs', 'Frame 4', 1, '2022-06-06T14:24:29', 'admin', '2022-06-06T14:24:29', 'admin')
insert CoatingComponent (ReferenceNumber, CoatingComponentDescription, MixTypeName, InputBatchUnit, InputDensityPoundsPerGallon, OutputBatchUnit, MachineName, IsActive, CreatedDate, CreatedByUserId, LastUpdatedDate, LastUpdatedByUserId) values ('SA1349-P025', 'A Mix PAPI 25', 'Urethane', 'lbs', 7.5760, 'lbs', 'Frame 4', 1, '2022-06-06T14:24:29', 'admin', '2022-06-06T14:24:29', 'admin')
insert CoatingComponent (ReferenceNumber, CoatingComponentDescription, MixTypeName, InputBatchUnit, InputDensityPoundsPerGallon, OutputBatchUnit, MachineName, IsActive, CreatedDate, CreatedByUserId, LastUpdatedDate, LastUpdatedByUserId) values ('SA1364', 'SA1364 - H mix', NULL, 'lbs', NULL, NULL, NULL, 1, '2022-06-06T14:24:29', 'admin', '2022-06-06T14:24:29', 'admin')
insert CoatingComponent (ReferenceNumber, CoatingComponentDescription, MixTypeName, InputBatchUnit, InputDensityPoundsPerGallon, OutputBatchUnit, MachineName, IsActive, CreatedDate, CreatedByUserId, LastUpdatedDate, LastUpdatedByUserId) values ('SA1364-A', '1364 - H mix bucket', NULL, 'lbs', NULL, NULL, NULL, 1, '2022-06-06T14:24:29', 'admin', '2022-06-06T14:24:29', 'admin')
insert CoatingComponent (ReferenceNumber, CoatingComponentDescription, MixTypeName, InputBatchUnit, InputDensityPoundsPerGallon, OutputBatchUnit, MachineName, IsActive, CreatedDate, CreatedByUserId, LastUpdatedDate, LastUpdatedByUserId) values ('SA1364-P007', 'H Mix PAPI 7', 'Urethane', 'lbs', 7.5758, 'lbs', 'Frame 4', 1, '2022-06-06T14:24:29', 'admin', '2022-06-06T14:24:29', 'admin')
insert CoatingComponent (ReferenceNumber, CoatingComponentDescription, MixTypeName, InputBatchUnit, InputDensityPoundsPerGallon, OutputBatchUnit, MachineName, IsActive, CreatedDate, CreatedByUserId, LastUpdatedDate, LastUpdatedByUserId) values ('SA1364-P012', 'H Mix PAPI 12', 'Urethane', 'lbs', 7.5758, 'lbs', 'Frame 4', 1, '2022-06-06T14:24:29', 'admin', '2022-06-06T14:24:29', 'admin')
insert CoatingComponent (ReferenceNumber, CoatingComponentDescription, MixTypeName, InputBatchUnit, InputDensityPoundsPerGallon, OutputBatchUnit, MachineName, IsActive, CreatedDate, CreatedByUserId, LastUpdatedDate, LastUpdatedByUserId) values ('SA1364-P014', 'H Mix PAPI 14', 'Urethane', 'lbs', 7.5758, 'lbs', 'Frame 4', 1, '2022-06-06T14:24:29', 'admin', '2022-06-06T14:24:29', 'admin')
insert CoatingComponent (ReferenceNumber, CoatingComponentDescription, MixTypeName, InputBatchUnit, InputDensityPoundsPerGallon, OutputBatchUnit, MachineName, IsActive, CreatedDate, CreatedByUserId, LastUpdatedDate, LastUpdatedByUserId) values ('SA1364-UVP007', 'Tinuvin/PAPI Mix', 'Urethane', 'lbs', 7.5758, 'lbs', 'Frame 4', 1, '2022-06-06T14:24:29', 'admin', '2022-09-28T19:10:40', 'Michelle Saito')
insert CoatingComponent (ReferenceNumber, CoatingComponentDescription, MixTypeName, InputBatchUnit, InputDensityPoundsPerGallon, OutputBatchUnit, MachineName, IsActive, CreatedDate, CreatedByUserId, LastUpdatedDate, LastUpdatedByUserId) values ('SA1387', '1387 - dull mix', NULL, 'lbs', NULL, NULL, NULL, 1, '2022-06-06T14:24:29', 'admin', '2022-06-06T14:24:29', 'admin')
insert CoatingComponent (ReferenceNumber, CoatingComponentDescription, MixTypeName, InputBatchUnit, InputDensityPoundsPerGallon, OutputBatchUnit, MachineName, IsActive, CreatedDate, CreatedByUserId, LastUpdatedDate, LastUpdatedByUserId) values ('SA1387-A', '1387 - dull mix bucket', NULL, 'lbs', NULL, NULL, NULL, 1, '2022-06-06T14:24:29', 'admin', '2022-06-06T14:24:29', 'admin')
insert CoatingComponent (ReferenceNumber, CoatingComponentDescription, MixTypeName, InputBatchUnit, InputDensityPoundsPerGallon, OutputBatchUnit, MachineName, IsActive, CreatedDate, CreatedByUserId, LastUpdatedDate, LastUpdatedByUserId) values ('SA1387-P007', 'Dull Mix PAPI 7', 'Urethane', 'lbs', 7.6000, 'lbs', 'Frame 4', 1, '2022-06-06T14:24:29', 'admin', '2022-06-06T14:24:29', 'admin')
insert CoatingComponent (ReferenceNumber, CoatingComponentDescription, MixTypeName, InputBatchUnit, InputDensityPoundsPerGallon, OutputBatchUnit, MachineName, IsActive, CreatedDate, CreatedByUserId, LastUpdatedDate, LastUpdatedByUserId) values ('SPACE-X DIP', 'SX Sylgard Dip', 'SX Dip with Toluene', 'lbs', 7.2200, 'lbs', 'Frame 4', 1, '2022-06-06T14:24:29', 'admin', '2022-06-06T14:24:29', 'admin')
insert CoatingComponent (ReferenceNumber, CoatingComponentDescription, MixTypeName, InputBatchUnit, InputDensityPoundsPerGallon, OutputBatchUnit, MachineName, IsActive, CreatedDate, CreatedByUserId, LastUpdatedDate, LastUpdatedByUserId) values ('SPACE-X LCF TOP', 'SX LCF BLACK TOP', 'SX Top without Toluene', 'lbs', 8.6200, 'lbs', 'Range 19', 0, '2022-06-06T14:24:29', 'admin', '2022-06-24T14:49:03', 'Michelle Saito')
insert CoatingComponent (ReferenceNumber, CoatingComponentDescription, MixTypeName, InputBatchUnit, InputDensityPoundsPerGallon, OutputBatchUnit, MachineName, IsActive, CreatedDate, CreatedByUserId, LastUpdatedDate, LastUpdatedByUserId) values ('SPACEX LCF DIP', 'SX LCF Dip', 'SX Dip with Toluene', 'lbs', 7.5600, 'lbs', 'Frame 4', 1, '2022-06-06T14:24:29', 'admin', '2022-06-06T14:24:29', 'admin')
insert CoatingComponent (ReferenceNumber, CoatingComponentDescription, MixTypeName, InputBatchUnit, InputDensityPoundsPerGallon, OutputBatchUnit, MachineName, IsActive, CreatedDate, CreatedByUserId, LastUpdatedDate, LastUpdatedByUserId) values ('SPACEX LCF TOP PART A', 'SPACEX LCF TOP PART A', 'SX Top without Toluene', 'lbs', 8.6200, 'lbs', 'Range 19', 0, '2022-06-06T14:24:29', 'admin', '2022-06-24T15:03:27', 'Michelle Saito')
insert CoatingComponent (ReferenceNumber, CoatingComponentDescription, MixTypeName, InputBatchUnit, InputDensityPoundsPerGallon, OutputBatchUnit, MachineName, IsActive, CreatedDate, CreatedByUserId, LastUpdatedDate, LastUpdatedByUserId) values ('SPACEX LCF TOP PART B', 'CHARGED SPACEX LCF TOP', 'SX Top without Toluene', 'lbs', 8.6200, 'lbs', 'Range 19', 0, '2022-06-06T14:24:29', 'admin', '2022-06-24T15:03:30', 'Michelle Saito')
insert CoatingComponent (ReferenceNumber, CoatingComponentDescription, MixTypeName, InputBatchUnit, InputDensityPoundsPerGallon, OutputBatchUnit, MachineName, IsActive, CreatedDate, CreatedByUserId, LastUpdatedDate, LastUpdatedByUserId) values ('SPACEX SYLGARD TOP PART A', 'SPACEX SYLGARD TOP PART A', 'SX Top without Toluene', 'lbs', 8.6200, 'lbs', 'Range 19', 1, '2022-06-06T14:24:29', 'admin', '2022-06-06T14:24:29', 'admin')
insert CoatingComponent (ReferenceNumber, CoatingComponentDescription, MixTypeName, InputBatchUnit, InputDensityPoundsPerGallon, OutputBatchUnit, MachineName, IsActive, CreatedDate, CreatedByUserId, LastUpdatedDate, LastUpdatedByUserId) values ('SPACEX SYLGARD TOP PART B', 'CHARGED SPACEX SYLGARD TOP', 'SX Top without Toluene', 'lbs', 8.6200, 'lbs', 'Range 19', 1, '2022-06-06T14:24:29', 'admin', '2022-06-06T14:24:29', 'admin')
insert CoatingComponent (ReferenceNumber, CoatingComponentDescription, MixTypeName, InputBatchUnit, InputDensityPoundsPerGallon, OutputBatchUnit, MachineName, IsActive, CreatedDate, CreatedByUserId, LastUpdatedDate, LastUpdatedByUserId) values ('SPACEX WHITE CONDUCTIVE PART A', 'SPACEX WHITE CONDUCTIVE PART A', 'SX Top without Toluene', 'lbs', 8.6200, 'lbs', 'Range 19', 1, '2022-06-06T14:24:29', 'admin', '2022-06-06T14:24:29', 'admin')
insert CoatingComponent (ReferenceNumber, CoatingComponentDescription, MixTypeName, InputBatchUnit, InputDensityPoundsPerGallon, OutputBatchUnit, MachineName, IsActive, CreatedDate, CreatedByUserId, LastUpdatedDate, LastUpdatedByUserId) values ('SPACEX WHITE CONDUCTIVE PART B', 'CHARGED SPACEX WHITE CONDUCTIVE', 'SX Top without Toluene', 'lbs', 8.6200, 'lbs', 'Range 19', 1, '2022-06-06T14:24:29', 'admin', '2022-06-06T14:24:29', 'admin')
insert CoatingComponent (ReferenceNumber, CoatingComponentDescription, MixTypeName, InputBatchUnit, InputDensityPoundsPerGallon, OutputBatchUnit, MachineName, IsActive, CreatedDate, CreatedByUserId, LastUpdatedDate, LastUpdatedByUserId) values ('SU-R-20', 'R-20 Cleaner', NULL, 'lbs', NULL, NULL, NULL, 1, '2022-06-06T14:24:29', 'admin', '2022-06-06T14:24:29', 'admin')
insert CoatingComponent (ReferenceNumber, CoatingComponentDescription, MixTypeName, InputBatchUnit, InputDensityPoundsPerGallon, OutputBatchUnit, MachineName, IsActive, CreatedDate, CreatedByUserId, LastUpdatedDate, LastUpdatedByUserId) values ('SU-UNIBOND', 'Unibond 2774C', NULL, 'lbs', NULL, NULL, NULL, 1, '2022-06-06T14:24:29', 'admin', '2022-06-06T14:24:29', 'admin')
insert CoatingComponent (ReferenceNumber, CoatingComponentDescription, MixTypeName, InputBatchUnit, InputDensityPoundsPerGallon, OutputBatchUnit, MachineName, IsActive, CreatedDate, CreatedByUserId, LastUpdatedDate, LastUpdatedByUserId) values ('SU01', 'Mineral Spirits', NULL, 'lbs', NULL, NULL, NULL, 1, '2022-06-06T14:24:29', 'admin', '2022-06-06T14:24:29', 'admin')
insert CoatingComponent (ReferenceNumber, CoatingComponentDescription, MixTypeName, InputBatchUnit, InputDensityPoundsPerGallon, OutputBatchUnit, MachineName, IsActive, CreatedDate, CreatedByUserId, LastUpdatedDate, LastUpdatedByUserId) values ('SX LCF BLK P1', 'SX LCF Black Part 1', 'SX Top without Toluene', 'lbs', 8.6200, 'lbs', 'Range 19', 1, '2022-06-24T14:57:13', 'Michelle Saito', '2022-06-24T14:57:13', 'Michelle Saito')
insert CoatingComponent (ReferenceNumber, CoatingComponentDescription, MixTypeName, InputBatchUnit, InputDensityPoundsPerGallon, OutputBatchUnit, MachineName, IsActive, CreatedDate, CreatedByUserId, LastUpdatedDate, LastUpdatedByUserId) values ('SX LCF BLK P2', 'SX LCF Black Part 2 Charged', 'SX Top without Toluene', 'lbs', 8.6200, 'lbs', 'Range 19', 1, '2022-06-24T14:59:19', 'Michelle Saito', '2022-06-24T14:59:19', 'Michelle Saito')
insert CoatingComponent (ReferenceNumber, CoatingComponentDescription, MixTypeName, InputBatchUnit, InputDensityPoundsPerGallon, OutputBatchUnit, MachineName, IsActive, CreatedDate, CreatedByUserId, LastUpdatedDate, LastUpdatedByUserId) values ('SXACC', '3-6559 cure accelerator', NULL, 'lbs', NULL, NULL, NULL, 1, '2022-06-06T14:24:29', 'admin', '2022-06-06T14:24:29', 'admin')
insert CoatingComponent (ReferenceNumber, CoatingComponentDescription, MixTypeName, InputBatchUnit, InputDensityPoundsPerGallon, OutputBatchUnit, MachineName, IsActive, CreatedDate, CreatedByUserId, LastUpdatedDate, LastUpdatedByUserId) values ('SXBASE', 'Sylgard 184 base', NULL, 'lbs', NULL, NULL, NULL, 1, '2022-06-06T14:24:29', 'admin', '2022-06-06T14:24:29', 'admin')
insert CoatingComponent (ReferenceNumber, CoatingComponentDescription, MixTypeName, InputBatchUnit, InputDensityPoundsPerGallon, OutputBatchUnit, MachineName, IsActive, CreatedDate, CreatedByUserId, LastUpdatedDate, LastUpdatedByUserId) values ('SXBLACK', 'Ketjinblack EC 600JD', NULL, 'lbs', NULL, NULL, NULL, 1, '2022-06-06T14:24:29', 'admin', '2022-06-06T14:24:29', 'admin')
insert CoatingComponent (ReferenceNumber, CoatingComponentDescription, MixTypeName, InputBatchUnit, InputDensityPoundsPerGallon, OutputBatchUnit, MachineName, IsActive, CreatedDate, CreatedByUserId, LastUpdatedDate, LastUpdatedByUserId) values ('SXCURE', 'Sylgard 184 cure', NULL, 'lbs', NULL, NULL, NULL, 1, '2022-06-06T14:24:29', 'admin', '2022-06-06T14:24:29', 'admin')
insert CoatingComponent (ReferenceNumber, CoatingComponentDescription, MixTypeName, InputBatchUnit, InputDensityPoundsPerGallon, OutputBatchUnit, MachineName, IsActive, CreatedDate, CreatedByUserId, LastUpdatedDate, LastUpdatedByUserId) values ('SXFBR-P25', 'Carbon Fiber', NULL, 'lbs', NULL, NULL, NULL, 1, '2022-06-06T14:24:29', 'admin', '2022-06-06T14:24:29', 'admin')
insert CoatingComponent (ReferenceNumber, CoatingComponentDescription, MixTypeName, InputBatchUnit, InputDensityPoundsPerGallon, OutputBatchUnit, MachineName, IsActive, CreatedDate, CreatedByUserId, LastUpdatedDate, LastUpdatedByUserId) values ('SXFBR-P251Q', 'SX Carbon Fiber', NULL, 'lbs', NULL, NULL, NULL, 1, '2022-06-06T14:24:29', 'admin', '2022-06-06T14:24:29', 'admin')
insert CoatingComponent (ReferenceNumber, CoatingComponentDescription, MixTypeName, InputBatchUnit, InputDensityPoundsPerGallon, OutputBatchUnit, MachineName, IsActive, CreatedDate, CreatedByUserId, LastUpdatedDate, LastUpdatedByUserId) values ('SX_6-3570', 'Dow 6-3570 Polymer', NULL, 'lbs', NULL, NULL, NULL, 1, '2022-06-06T14:24:29', 'admin', '2022-06-06T14:24:29', 'admin')
insert CoatingComponent (ReferenceNumber, CoatingComponentDescription, MixTypeName, InputBatchUnit, InputDensityPoundsPerGallon, OutputBatchUnit, MachineName, IsActive, CreatedDate, CreatedByUserId, LastUpdatedDate, LastUpdatedByUserId) values ('SX_TIDI', 'Titanium Dioxide Powder', NULL, 'lbs', NULL, NULL, NULL, 1, '2022-06-06T14:24:29', 'admin', '2022-06-06T14:24:29', 'admin')
insert CoatingComponent (ReferenceNumber, CoatingComponentDescription, MixTypeName, InputBatchUnit, InputDensityPoundsPerGallon, OutputBatchUnit, MachineName, IsActive, CreatedDate, CreatedByUserId, LastUpdatedDate, LastUpdatedByUserId) values ('Sylgard BLK', 'SX Sylgard Blk Pt 1', NULL, 'lbs', NULL, NULL, NULL, 1, '2022-06-06T14:24:29', 'admin', '2022-06-06T14:24:29', 'admin')
insert CoatingComponent (ReferenceNumber, CoatingComponentDescription, MixTypeName, InputBatchUnit, InputDensityPoundsPerGallon, OutputBatchUnit, MachineName, IsActive, CreatedDate, CreatedByUserId, LastUpdatedDate, LastUpdatedByUserId) values ('X0001', 'Test 001', 'RFL', 'gal.', NULL, 'gal.', 'Coater 9', 1, '2022-06-06T14:24:29', 'admin', '2022-06-06T14:24:29', 'admin')
insert CoatingComponent (ReferenceNumber, CoatingComponentDescription, MixTypeName, InputBatchUnit, InputDensityPoundsPerGallon, OutputBatchUnit, MachineName, IsActive, CreatedDate, CreatedByUserId, LastUpdatedDate, LastUpdatedByUserId) values ('X233-KV', 'BROWN CR RFL', 'RFL', 'lbs', 8.3800, 'lbs', 'Frame 3', 1, '2022-09-28T17:51:29', 'Michelle Saito', '2022-09-28T17:51:29', 'Michelle Saito')
insert CoatingComponent (ReferenceNumber, CoatingComponentDescription, MixTypeName, InputBatchUnit, InputDensityPoundsPerGallon, OutputBatchUnit, MachineName, IsActive, CreatedDate, CreatedByUserId, LastUpdatedDate, LastUpdatedByUserId) values ('X249B', 'X249B', NULL, 'lbs', NULL, NULL, NULL, 1, '2022-06-06T14:24:29', 'admin', '2022-06-06T14:24:29', 'admin')
insert CoatingComponent (ReferenceNumber, CoatingComponentDescription, MixTypeName, InputBatchUnit, InputDensityPoundsPerGallon, OutputBatchUnit, MachineName, IsActive, CreatedDate, CreatedByUserId, LastUpdatedDate, LastUpdatedByUserId) values ('talc', 'talc', NULL, 'lbs', NULL, NULL, NULL, 1, '2022-06-06T14:24:29', 'admin', '2022-06-06T14:24:29', 'admin')
insert CoatingComponentInput (OutputReferenceNumber, InputReferenceNumber, InputStageNumber, InputRatio, CreatedDate, CreatedByUserId, LastUpdatedDate, LastUpdatedByUserId) values ('1116-34', '1065B', 1, 0.66000, '2022-09-14T20:16:09', 'Michelle Saito', '2022-09-14T20:17:56', 'Michelle Saito')
insert CoatingComponentInput (OutputReferenceNumber, InputReferenceNumber, InputStageNumber, InputRatio, CreatedDate, CreatedByUserId, LastUpdatedDate, LastUpdatedByUserId) values ('1116-34', '1065B', 3, 0.00100, '2022-09-14T20:16:09', 'Michelle Saito', '2022-09-14T20:17:56', 'Michelle Saito')
insert CoatingComponentInput (OutputReferenceNumber, InputReferenceNumber, InputStageNumber, InputRatio, CreatedDate, CreatedByUserId, LastUpdatedDate, LastUpdatedByUserId) values ('1116-34', '1116', 2, 0.34000, '2022-09-14T20:16:09', 'Michelle Saito', '2022-09-14T20:17:56', 'Michelle Saito')
insert CoatingComponentInput (OutputReferenceNumber, InputReferenceNumber, InputStageNumber, InputRatio, CreatedDate, CreatedByUserId, LastUpdatedDate, LastUpdatedByUserId) values ('1116A-45', '1065B', 1, 0.55000, '2022-09-14T20:17:38', 'Michelle Saito', '2022-09-14T20:17:38', 'Michelle Saito')
insert CoatingComponentInput (OutputReferenceNumber, InputReferenceNumber, InputStageNumber, InputRatio, CreatedDate, CreatedByUserId, LastUpdatedDate, LastUpdatedByUserId) values ('1116A-45', '1065B', 3, 0.00100, '2022-09-14T20:17:38', 'Michelle Saito', '2022-09-14T20:17:38', 'Michelle Saito')
insert CoatingComponentInput (OutputReferenceNumber, InputReferenceNumber, InputStageNumber, InputRatio, CreatedDate, CreatedByUserId, LastUpdatedDate, LastUpdatedByUserId) values ('1116A-45', '1116', 2, 0.45000, '2022-09-14T20:17:38', 'Michelle Saito', '2022-09-14T20:17:38', 'Michelle Saito')
insert CoatingComponentInput (OutputReferenceNumber, InputReferenceNumber, InputStageNumber, InputRatio, CreatedDate, CreatedByUserId, LastUpdatedDate, LastUpdatedByUserId) values ('1508-VB-22', '1040', 2, 0.42127, '2022-06-06T14:24:48', 'admin', '2022-09-13T19:36:09', 'Michelle Saito')
insert CoatingComponentInput (OutputReferenceNumber, InputReferenceNumber, InputStageNumber, InputRatio, CreatedDate, CreatedByUserId, LastUpdatedDate, LastUpdatedByUserId) values ('1508-VB-22', '1065B', 1, 0.57873, '2022-06-06T14:24:48', 'admin', '2022-09-13T19:36:09', 'Michelle Saito')
insert CoatingComponentInput (OutputReferenceNumber, InputReferenceNumber, InputStageNumber, InputRatio, CreatedDate, CreatedByUserId, LastUpdatedDate, LastUpdatedByUserId) values ('1508-VB-22', '1065B', 3, 0.00100, '2022-09-13T19:36:09', 'Michelle Saito', '2022-09-13T19:36:09', 'Michelle Saito')
insert CoatingComponentInput (OutputReferenceNumber, InputReferenceNumber, InputStageNumber, InputRatio, CreatedDate, CreatedByUserId, LastUpdatedDate, LastUpdatedByUserId) values ('1508-VB-22BB', '1040', 2, 0.43956, '2022-06-06T14:24:48', 'admin', '2022-06-22T15:48:32', 'Michelle Saito')
insert CoatingComponentInput (OutputReferenceNumber, InputReferenceNumber, InputStageNumber, InputRatio, CreatedDate, CreatedByUserId, LastUpdatedDate, LastUpdatedByUserId) values ('1508-VB-22BB', '1065B', 1, 0.56044, '2022-06-06T14:24:48', 'admin', '2022-06-22T15:48:32', 'Michelle Saito')
insert CoatingComponentInput (OutputReferenceNumber, InputReferenceNumber, InputStageNumber, InputRatio, CreatedDate, CreatedByUserId, LastUpdatedDate, LastUpdatedByUserId) values ('1508-VB-22BB', '1065B', 3, 0.00100, '2022-06-22T15:48:32', 'Michelle Saito', '2022-06-22T15:48:32', 'Michelle Saito')
insert CoatingComponentInput (OutputReferenceNumber, InputReferenceNumber, InputStageNumber, InputRatio, CreatedDate, CreatedByUserId, LastUpdatedDate, LastUpdatedByUserId) values ('1508-VB-31', '1509-5', 2, 0.01429, '2022-06-06T14:24:48', 'admin', '2022-06-06T14:24:48', 'admin')
insert CoatingComponentInput (OutputReferenceNumber, InputReferenceNumber, InputStageNumber, InputRatio, CreatedDate, CreatedByUserId, LastUpdatedDate, LastUpdatedByUserId) values ('1508-VB-31', '3020', 2, 0.08100, '2022-06-06T14:24:48', 'admin', '2022-06-06T14:24:48', 'admin')
insert CoatingComponentInput (OutputReferenceNumber, InputReferenceNumber, InputStageNumber, InputRatio, CreatedDate, CreatedByUserId, LastUpdatedDate, LastUpdatedByUserId) values ('1508-VB-31', '3080', 1, 0.05146, '2022-06-06T14:24:48', 'admin', '2022-06-06T14:24:48', 'admin')
insert CoatingComponentInput (OutputReferenceNumber, InputReferenceNumber, InputStageNumber, InputRatio, CreatedDate, CreatedByUserId, LastUpdatedDate, LastUpdatedByUserId) values ('1508-VB-31', '3110', 2, 0.85325, '2022-06-06T14:24:48', 'admin', '2022-06-06T14:24:48', 'admin')
insert CoatingComponentInput (OutputReferenceNumber, InputReferenceNumber, InputStageNumber, InputRatio, CreatedDate, CreatedByUserId, LastUpdatedDate, LastUpdatedByUserId) values ('1508-VB-31-OR', '1509-5', 2, 0.01439, '2022-06-06T14:24:48', 'admin', '2022-06-06T14:24:48', 'admin')
insert CoatingComponentInput (OutputReferenceNumber, InputReferenceNumber, InputStageNumber, InputRatio, CreatedDate, CreatedByUserId, LastUpdatedDate, LastUpdatedByUserId) values ('1508-VB-31-OR', '3002', 2, 0.08153, '2022-06-06T14:24:48', 'admin', '2022-06-06T14:24:48', 'admin')
insert CoatingComponentInput (OutputReferenceNumber, InputReferenceNumber, InputStageNumber, InputRatio, CreatedDate, CreatedByUserId, LastUpdatedDate, LastUpdatedByUserId) values ('1508-VB-31-OR', '3080', 1, 0.05180, '2022-06-06T14:24:48', 'admin', '2022-06-06T14:24:48', 'admin')
insert CoatingComponentInput (OutputReferenceNumber, InputReferenceNumber, InputStageNumber, InputRatio, CreatedDate, CreatedByUserId, LastUpdatedDate, LastUpdatedByUserId) values ('1508-VB-31-OR', '3110', 2, 0.85228, '2022-06-06T14:24:48', 'admin', '2022-06-06T14:24:48', 'admin')
insert CoatingComponentInput (OutputReferenceNumber, InputReferenceNumber, InputStageNumber, InputRatio, CreatedDate, CreatedByUserId, LastUpdatedDate, LastUpdatedByUserId) values ('1509-5', '4005', 2, 0.25000, '2022-06-06T14:24:48', 'admin', '2022-06-06T14:24:48', 'admin')
insert CoatingComponentInput (OutputReferenceNumber, InputReferenceNumber, InputStageNumber, InputRatio, CreatedDate, CreatedByUserId, LastUpdatedDate, LastUpdatedByUserId) values ('1515-6', '1015', 2, 0.20000, '2022-10-12T17:54:16', 'Michelle Saito', '2022-10-12T17:54:16', 'Michelle Saito')
insert CoatingComponentInput (OutputReferenceNumber, InputReferenceNumber, InputStageNumber, InputRatio, CreatedDate, CreatedByUserId, LastUpdatedDate, LastUpdatedByUserId) values ('1515-6', '1065B', 1, 0.80000, '2022-06-22T15:50:45', 'Michelle Saito', '2022-10-12T17:54:16', 'Michelle Saito')
insert CoatingComponentInput (OutputReferenceNumber, InputReferenceNumber, InputStageNumber, InputRatio, CreatedDate, CreatedByUserId, LastUpdatedDate, LastUpdatedByUserId) values ('1515-6', '1065B', 3, 0.00100, '2022-10-12T17:54:16', 'Michelle Saito', '2022-10-12T17:54:16', 'Michelle Saito')
insert CoatingComponentInput (OutputReferenceNumber, InputReferenceNumber, InputStageNumber, InputRatio, CreatedDate, CreatedByUserId, LastUpdatedDate, LastUpdatedByUserId) values ('1515-VB-11', '1065B', 1, 0.36968, '2022-06-06T14:24:48', 'admin', '2022-06-06T14:24:48', 'admin')
insert CoatingComponentInput (OutputReferenceNumber, InputReferenceNumber, InputStageNumber, InputRatio, CreatedDate, CreatedByUserId, LastUpdatedDate, LastUpdatedByUserId) values ('1515-VB-11', '1508-VB-22', 2, 0.63032, '2022-06-06T14:24:48', 'admin', '2022-06-06T14:24:48', 'admin')
insert CoatingComponentInput (OutputReferenceNumber, InputReferenceNumber, InputStageNumber, InputRatio, CreatedDate, CreatedByUserId, LastUpdatedDate, LastUpdatedByUserId) values ('1521-24', '1005', 2, 0.42272, '2022-06-06T14:24:48', 'admin', '2022-09-30T19:48:17', 'Michelle Saito')
insert CoatingComponentInput (OutputReferenceNumber, InputReferenceNumber, InputStageNumber, InputRatio, CreatedDate, CreatedByUserId, LastUpdatedDate, LastUpdatedByUserId) values ('1521-24', '1065B', 1, 0.56803, '2022-06-06T14:24:48', 'admin', '2022-09-30T19:48:17', 'Michelle Saito')
insert CoatingComponentInput (OutputReferenceNumber, InputReferenceNumber, InputStageNumber, InputRatio, CreatedDate, CreatedByUserId, LastUpdatedDate, LastUpdatedByUserId) values ('1521-24', '1522AB-15', 1, 0.00925, '2022-06-06T14:24:48', 'admin', '2022-09-30T19:48:17', 'Michelle Saito')
insert CoatingComponentInput (OutputReferenceNumber, InputReferenceNumber, InputStageNumber, InputRatio, CreatedDate, CreatedByUserId, LastUpdatedDate, LastUpdatedByUserId) values ('1521-25', '1005', 1, 0.29640, '2022-09-28T18:41:25', 'Michelle Saito', '2022-09-28T18:41:25', 'Michelle Saito')
insert CoatingComponentInput (OutputReferenceNumber, InputReferenceNumber, InputStageNumber, InputRatio, CreatedDate, CreatedByUserId, LastUpdatedDate, LastUpdatedByUserId) values ('1521-25', '1065B', 1, 0.69565, '2022-06-06T14:24:48', 'admin', '2022-09-28T18:41:25', 'Michelle Saito')
insert CoatingComponentInput (OutputReferenceNumber, InputReferenceNumber, InputStageNumber, InputRatio, CreatedDate, CreatedByUserId, LastUpdatedDate, LastUpdatedByUserId) values ('1521-25', '1522AB-15', 2, 0.00652, '2022-09-28T18:41:25', 'Michelle Saito', '2022-09-28T18:41:25', 'Michelle Saito')
insert CoatingComponentInput (OutputReferenceNumber, InputReferenceNumber, InputStageNumber, InputRatio, CreatedDate, CreatedByUserId, LastUpdatedDate, LastUpdatedByUserId) values ('1525-20', '1065B', 1, 0.81000, '2022-06-06T14:24:48', 'admin', '2022-09-26T19:54:53', 'Michelle Saito')
insert CoatingComponentInput (OutputReferenceNumber, InputReferenceNumber, InputStageNumber, InputRatio, CreatedDate, CreatedByUserId, LastUpdatedDate, LastUpdatedByUserId) values ('1525-20', '1065B', 3, 0.00100, '2022-06-22T15:53:00', 'Michelle Saito', '2022-09-26T19:54:53', 'Michelle Saito')
insert CoatingComponentInput (OutputReferenceNumber, InputReferenceNumber, InputStageNumber, InputRatio, CreatedDate, CreatedByUserId, LastUpdatedDate, LastUpdatedByUserId) values ('1525-20', '2999', 2, 0.19000, '2022-06-06T14:24:48', 'admin', '2022-09-26T19:54:53', 'Michelle Saito')
insert CoatingComponentInput (OutputReferenceNumber, InputReferenceNumber, InputStageNumber, InputRatio, CreatedDate, CreatedByUserId, LastUpdatedDate, LastUpdatedByUserId) values ('1536-VB-14', '1509-5', 2, 0.00600, '2022-06-06T14:24:48', 'admin', '2022-06-06T14:24:48', 'admin')
insert CoatingComponentInput (OutputReferenceNumber, InputReferenceNumber, InputStageNumber, InputRatio, CreatedDate, CreatedByUserId, LastUpdatedDate, LastUpdatedByUserId) values ('1536-VB-14', '3017', 2, 0.02398, '2022-06-06T14:24:48', 'admin', '2022-06-06T14:24:48', 'admin')
insert CoatingComponentInput (OutputReferenceNumber, InputReferenceNumber, InputStageNumber, InputRatio, CreatedDate, CreatedByUserId, LastUpdatedDate, LastUpdatedByUserId) values ('1536-VB-14', '3035', 3, 0.00755, '2022-06-06T14:24:48', 'admin', '2022-06-06T14:24:48', 'admin')
insert CoatingComponentInput (OutputReferenceNumber, InputReferenceNumber, InputStageNumber, InputRatio, CreatedDate, CreatedByUserId, LastUpdatedDate, LastUpdatedByUserId) values ('1536-VB-14', '3080', 1, 0.31355, '2022-06-06T14:24:48', 'admin', '2022-06-06T14:24:48', 'admin')
insert CoatingComponentInput (OutputReferenceNumber, InputReferenceNumber, InputStageNumber, InputRatio, CreatedDate, CreatedByUserId, LastUpdatedDate, LastUpdatedByUserId) values ('1536-VB-14', '3110', 2, 0.33630, '2022-06-06T14:24:48', 'admin', '2022-06-06T14:24:48', 'admin')
insert CoatingComponentInput (OutputReferenceNumber, InputReferenceNumber, InputStageNumber, InputRatio, CreatedDate, CreatedByUserId, LastUpdatedDate, LastUpdatedByUserId) values ('1536-VB-14', '3110', 3, 0.29140, '2022-06-06T14:24:48', 'admin', '2022-06-06T14:24:48', 'admin')
insert CoatingComponentInput (OutputReferenceNumber, InputReferenceNumber, InputStageNumber, InputRatio, CreatedDate, CreatedByUserId, LastUpdatedDate, LastUpdatedByUserId) values ('1536-VB-14', '720-126-001', 3, 0.02122, '2022-06-06T14:24:48', 'admin', '2022-06-06T14:24:48', 'admin')
insert CoatingComponentInput (OutputReferenceNumber, InputReferenceNumber, InputStageNumber, InputRatio, CreatedDate, CreatedByUserId, LastUpdatedDate, LastUpdatedByUserId) values ('1536-VB-23', '1065B', 1, 0.61547, '2022-06-06T14:24:48', 'admin', '2022-06-06T14:24:48', 'admin')
insert CoatingComponentInput (OutputReferenceNumber, InputReferenceNumber, InputStageNumber, InputRatio, CreatedDate, CreatedByUserId, LastUpdatedDate, LastUpdatedByUserId) values ('1536-VB-23', '1065B', 2, 0.00100, '2022-06-06T14:24:48', 'admin', '2022-06-06T14:24:48', 'admin')
insert CoatingComponentInput (OutputReferenceNumber, InputReferenceNumber, InputStageNumber, InputRatio, CreatedDate, CreatedByUserId, LastUpdatedDate, LastUpdatedByUserId) values ('1536-VB-23', '1526-11B', 1, 0.38453, '2022-06-06T14:24:48', 'admin', '2022-06-06T14:24:48', 'admin')
insert CoatingComponentInput (OutputReferenceNumber, InputReferenceNumber, InputStageNumber, InputRatio, CreatedDate, CreatedByUserId, LastUpdatedDate, LastUpdatedByUserId) values ('1536-VB-25 R&D', '1065B', 1, 0.43700, '2022-06-06T14:24:48', 'admin', '2022-06-06T14:24:48', 'admin')
insert CoatingComponentInput (OutputReferenceNumber, InputReferenceNumber, InputStageNumber, InputRatio, CreatedDate, CreatedByUserId, LastUpdatedDate, LastUpdatedByUserId) values ('1536-VB-25 R&D', '1536-VB-23', 2, 0.56300, '2022-06-06T14:24:48', 'admin', '2022-06-06T14:24:48', 'admin')
insert CoatingComponentInput (OutputReferenceNumber, InputReferenceNumber, InputStageNumber, InputRatio, CreatedDate, CreatedByUserId, LastUpdatedDate, LastUpdatedByUserId) values ('1546-27DCP', '1065B', 1, 0.63000, '2022-09-29T19:12:18', 'Michelle Saito', '2022-09-29T19:12:18', 'Michelle Saito')
insert CoatingComponentInput (OutputReferenceNumber, InputReferenceNumber, InputStageNumber, InputRatio, CreatedDate, CreatedByUserId, LastUpdatedDate, LastUpdatedByUserId) values ('1546-27DCP', '1065B', 3, 0.00100, '2022-06-22T15:53:30', 'Michelle Saito', '2022-09-29T19:12:18', 'Michelle Saito')
insert CoatingComponentInput (OutputReferenceNumber, InputReferenceNumber, InputStageNumber, InputRatio, CreatedDate, CreatedByUserId, LastUpdatedDate, LastUpdatedByUserId) values ('1546-27DCP', '1546-25DCP', 2, 0.37000, '2022-09-29T19:12:18', 'Michelle Saito', '2022-09-29T19:12:18', 'Michelle Saito')
insert CoatingComponentInput (OutputReferenceNumber, InputReferenceNumber, InputStageNumber, InputRatio, CreatedDate, CreatedByUserId, LastUpdatedDate, LastUpdatedByUserId) values ('1546-28DCP', '1065B', 2, 0.38730, '2022-06-06T14:24:48', 'admin', '2022-06-06T14:24:48', 'admin')
insert CoatingComponentInput (OutputReferenceNumber, InputReferenceNumber, InputStageNumber, InputRatio, CreatedDate, CreatedByUserId, LastUpdatedDate, LastUpdatedByUserId) values ('1546-28DCP', '1546-27DCP', 1, 0.61270, '2022-06-06T14:24:48', 'admin', '2022-06-06T14:24:48', 'admin')
insert CoatingComponentInput (OutputReferenceNumber, InputReferenceNumber, InputStageNumber, InputRatio, CreatedDate, CreatedByUserId, LastUpdatedDate, LastUpdatedByUserId) values ('1546-39-1', '1065B', 1, 0.72571, '2022-06-06T14:24:48', 'admin', '2022-09-13T19:35:30', 'Michelle Saito')
insert CoatingComponentInput (OutputReferenceNumber, InputReferenceNumber, InputStageNumber, InputRatio, CreatedDate, CreatedByUserId, LastUpdatedDate, LastUpdatedByUserId) values ('1546-39-1', '1065B', 3, 0.00100, '2022-06-22T15:51:59', 'Michelle Saito', '2022-09-13T19:35:30', 'Michelle Saito')
insert CoatingComponentInput (OutputReferenceNumber, InputReferenceNumber, InputStageNumber, InputRatio, CreatedDate, CreatedByUserId, LastUpdatedDate, LastUpdatedByUserId) values ('1546-39-1', '1068', 2, 0.27429, '2022-06-06T14:24:48', 'admin', '2022-09-13T19:35:30', 'Michelle Saito')
insert CoatingComponentInput (OutputReferenceNumber, InputReferenceNumber, InputStageNumber, InputRatio, CreatedDate, CreatedByUserId, LastUpdatedDate, LastUpdatedByUserId) values ('1546-39-2', '1065B', 1, 0.33670, '2022-06-06T14:24:48', 'admin', '2022-06-06T14:24:48', 'admin')
insert CoatingComponentInput (OutputReferenceNumber, InputReferenceNumber, InputStageNumber, InputRatio, CreatedDate, CreatedByUserId, LastUpdatedDate, LastUpdatedByUserId) values ('1546-39-2', '1546-39-1', 2, 0.66320, '2022-06-06T14:24:48', 'admin', '2022-06-06T14:24:48', 'admin')
insert CoatingComponentInput (OutputReferenceNumber, InputReferenceNumber, InputStageNumber, InputRatio, CreatedDate, CreatedByUserId, LastUpdatedDate, LastUpdatedByUserId) values ('1546-41', '1509-5', 2, 0.00878, '2022-06-06T14:24:48', 'admin', '2022-09-28T15:53:03', 'Michelle Saito')
insert CoatingComponentInput (OutputReferenceNumber, InputReferenceNumber, InputStageNumber, InputRatio, CreatedDate, CreatedByUserId, LastUpdatedDate, LastUpdatedByUserId) values ('1546-41', '3013', 2, 0.07084, '2022-06-06T14:24:48', 'admin', '2022-09-28T15:53:03', 'Michelle Saito')
insert CoatingComponentInput (OutputReferenceNumber, InputReferenceNumber, InputStageNumber, InputRatio, CreatedDate, CreatedByUserId, LastUpdatedDate, LastUpdatedByUserId) values ('1546-41', '3035', 4, 0.01854, '2022-06-06T14:24:48', 'admin', '2022-09-28T15:53:03', 'Michelle Saito')
insert CoatingComponentInput (OutputReferenceNumber, InputReferenceNumber, InputStageNumber, InputRatio, CreatedDate, CreatedByUserId, LastUpdatedDate, LastUpdatedByUserId) values ('1546-41', '3062', 3, 0.00111, '2022-06-06T14:24:48', 'admin', '2022-09-28T15:53:03', 'Michelle Saito')
insert CoatingComponentInput (OutputReferenceNumber, InputReferenceNumber, InputStageNumber, InputRatio, CreatedDate, CreatedByUserId, LastUpdatedDate, LastUpdatedByUserId) values ('1546-41', '3065', 1, 0.42787, '2022-06-06T14:24:48', 'admin', '2022-09-28T15:53:03', 'Michelle Saito')
insert CoatingComponentInput (OutputReferenceNumber, InputReferenceNumber, InputStageNumber, InputRatio, CreatedDate, CreatedByUserId, LastUpdatedDate, LastUpdatedByUserId) values ('1546-41', '3095', 3, 0.02856, '2022-06-06T14:24:48', 'admin', '2022-09-28T15:53:03', 'Michelle Saito')
insert CoatingComponentInput (OutputReferenceNumber, InputReferenceNumber, InputStageNumber, InputRatio, CreatedDate, CreatedByUserId, LastUpdatedDate, LastUpdatedByUserId) values ('1546-41', '3110', 2, 0.04710, '2022-06-06T14:24:48', 'admin', '2022-09-28T15:53:03', 'Michelle Saito')
insert CoatingComponentInput (OutputReferenceNumber, InputReferenceNumber, InputStageNumber, InputRatio, CreatedDate, CreatedByUserId, LastUpdatedDate, LastUpdatedByUserId) values ('1546-41', '3110', 3, 0.37040, '2022-06-06T14:24:48', 'admin', '2022-09-28T15:53:03', 'Michelle Saito')
insert CoatingComponentInput (OutputReferenceNumber, InputReferenceNumber, InputStageNumber, InputRatio, CreatedDate, CreatedByUserId, LastUpdatedDate, LastUpdatedByUserId) values ('1546-41', '3110', 5, 0.02680, '2022-06-06T14:24:48', 'admin', '2022-09-28T15:53:03', 'Michelle Saito')
insert CoatingComponentInput (OutputReferenceNumber, InputReferenceNumber, InputStageNumber, InputRatio, CreatedDate, CreatedByUserId, LastUpdatedDate, LastUpdatedByUserId) values ('1546-42', '1065B', 1, 0.71453, '2022-06-06T14:24:48', 'admin', '2022-09-26T19:57:18', 'Michelle Saito')
insert CoatingComponentInput (OutputReferenceNumber, InputReferenceNumber, InputStageNumber, InputRatio, CreatedDate, CreatedByUserId, LastUpdatedDate, LastUpdatedByUserId) values ('1546-42', '1065B', 3, 0.00100, '2022-06-06T14:24:48', 'admin', '2022-09-26T19:57:18', 'Michelle Saito')
insert CoatingComponentInput (OutputReferenceNumber, InputReferenceNumber, InputStageNumber, InputRatio, CreatedDate, CreatedByUserId, LastUpdatedDate, LastUpdatedByUserId) values ('1546-42', '2999', 2, 0.28547, '2022-06-06T14:24:48', 'admin', '2022-09-26T19:57:18', 'Michelle Saito')
insert CoatingComponentInput (OutputReferenceNumber, InputReferenceNumber, InputStageNumber, InputRatio, CreatedDate, CreatedByUserId, LastUpdatedDate, LastUpdatedByUserId) values ('1547-37', '1060', 1, 0.57574, '2022-06-06T14:24:48', 'admin', '2022-06-06T14:24:48', 'admin')
insert CoatingComponentInput (OutputReferenceNumber, InputReferenceNumber, InputStageNumber, InputRatio, CreatedDate, CreatedByUserId, LastUpdatedDate, LastUpdatedByUserId) values ('1547-37', '6010', 3, 0.36193, '2022-06-06T14:24:48', 'admin', '2022-06-06T14:24:48', 'admin')
insert CoatingComponentInput (OutputReferenceNumber, InputReferenceNumber, InputStageNumber, InputRatio, CreatedDate, CreatedByUserId, LastUpdatedDate, LastUpdatedByUserId) values ('1547-37', '6184', 2, 0.00922, '2022-06-06T14:24:48', 'admin', '2022-06-06T14:24:48', 'admin')
insert CoatingComponentInput (OutputReferenceNumber, InputReferenceNumber, InputStageNumber, InputRatio, CreatedDate, CreatedByUserId, LastUpdatedDate, LastUpdatedByUserId) values ('1547-37', '720-505-005HV', 4, 0.00503, '2022-06-06T14:24:48', 'admin', '2022-06-06T14:24:48', 'admin')
insert CoatingComponentInput (OutputReferenceNumber, InputReferenceNumber, InputStageNumber, InputRatio, CreatedDate, CreatedByUserId, LastUpdatedDate, LastUpdatedByUserId) values ('1547-37', 'AK5R', 2, 0.04807, '2022-06-06T14:24:48', 'admin', '2022-06-06T14:24:48', 'admin')
insert CoatingComponentInput (OutputReferenceNumber, InputReferenceNumber, InputStageNumber, InputRatio, CreatedDate, CreatedByUserId, LastUpdatedDate, LastUpdatedByUserId) values ('1547-38', '1065B', 2, 0.57280, '2022-06-06T14:24:48', 'admin', '2022-06-06T14:24:48', 'admin')
insert CoatingComponentInput (OutputReferenceNumber, InputReferenceNumber, InputStageNumber, InputRatio, CreatedDate, CreatedByUserId, LastUpdatedDate, LastUpdatedByUserId) values ('1547-38', '1508-VB-22', 4, 0.00500, '2022-06-06T14:24:48', 'admin', '2022-06-06T14:24:48', 'admin')
insert CoatingComponentInput (OutputReferenceNumber, InputReferenceNumber, InputStageNumber, InputRatio, CreatedDate, CreatedByUserId, LastUpdatedDate, LastUpdatedByUserId) values ('1547-38', '6010', 3, 0.36450, '2022-06-06T14:24:48', 'admin', '2022-06-06T14:24:48', 'admin')
insert CoatingComponentInput (OutputReferenceNumber, InputReferenceNumber, InputStageNumber, InputRatio, CreatedDate, CreatedByUserId, LastUpdatedDate, LastUpdatedByUserId) values ('1547-38', '6184', 1, 0.00930, '2022-06-06T14:24:48', 'admin', '2022-06-06T14:24:48', 'admin')
insert CoatingComponentInput (OutputReferenceNumber, InputReferenceNumber, InputStageNumber, InputRatio, CreatedDate, CreatedByUserId, LastUpdatedDate, LastUpdatedByUserId) values ('1547-38', 'AK5R', 1, 0.04840, '2022-06-06T14:24:48', 'admin', '2022-06-06T14:24:48', 'admin')
insert CoatingComponentInput (OutputReferenceNumber, InputReferenceNumber, InputStageNumber, InputRatio, CreatedDate, CreatedByUserId, LastUpdatedDate, LastUpdatedByUserId) values ('2014-8', '1055_P-55', 2, 0.05500, '2022-09-13T19:43:08', 'Michelle Saito', '2022-09-13T19:43:08', 'Michelle Saito')
insert CoatingComponentInput (OutputReferenceNumber, InputReferenceNumber, InputStageNumber, InputRatio, CreatedDate, CreatedByUserId, LastUpdatedDate, LastUpdatedByUserId) values ('2014-8', '1065B', 1, 0.43300, '2022-09-13T19:43:08', 'Michelle Saito', '2022-09-13T19:43:08', 'Michelle Saito')
insert CoatingComponentInput (OutputReferenceNumber, InputReferenceNumber, InputStageNumber, InputRatio, CreatedDate, CreatedByUserId, LastUpdatedDate, LastUpdatedByUserId) values ('2014-8', '1065B', 4, 0.00100, '2022-09-13T19:43:08', 'Michelle Saito', '2022-09-13T19:43:08', 'Michelle Saito')
insert CoatingComponentInput (OutputReferenceNumber, InputReferenceNumber, InputStageNumber, InputRatio, CreatedDate, CreatedByUserId, LastUpdatedDate, LastUpdatedByUserId) values ('2014-8', '3008_90-01', 3, 0.36700, '2022-09-13T19:43:08', 'Michelle Saito', '2022-09-13T19:43:08', 'Michelle Saito')
insert CoatingComponentInput (OutputReferenceNumber, InputReferenceNumber, InputStageNumber, InputRatio, CreatedDate, CreatedByUserId, LastUpdatedDate, LastUpdatedByUserId) values ('2014-8', '6125', 1, 0.14400, '2022-09-13T19:43:08', 'Michelle Saito', '2022-09-13T19:43:08', 'Michelle Saito')
insert CoatingComponentInput (OutputReferenceNumber, InputReferenceNumber, InputStageNumber, InputRatio, CreatedDate, CreatedByUserId, LastUpdatedDate, LastUpdatedByUserId) values ('2014-9', '1055_P-55', 2, 0.04040, '2022-09-13T19:46:27', 'Michelle Saito', '2022-09-13T19:46:27', 'Michelle Saito')
insert CoatingComponentInput (OutputReferenceNumber, InputReferenceNumber, InputStageNumber, InputRatio, CreatedDate, CreatedByUserId, LastUpdatedDate, LastUpdatedByUserId) values ('2014-9', '1065B', 1, 0.51960, '2022-09-13T19:46:27', 'Michelle Saito', '2022-09-13T19:46:27', 'Michelle Saito')
insert CoatingComponentInput (OutputReferenceNumber, InputReferenceNumber, InputStageNumber, InputRatio, CreatedDate, CreatedByUserId, LastUpdatedDate, LastUpdatedByUserId) values ('2014-9', '1065B', 4, 0.00100, '2022-09-13T19:46:27', 'Michelle Saito', '2022-09-13T19:46:27', 'Michelle Saito')
insert CoatingComponentInput (OutputReferenceNumber, InputReferenceNumber, InputStageNumber, InputRatio, CreatedDate, CreatedByUserId, LastUpdatedDate, LastUpdatedByUserId) values ('2014-9', '3008_90-01', 3, 0.26960, '2022-09-13T19:46:27', 'Michelle Saito', '2022-09-13T19:46:27', 'Michelle Saito')
insert CoatingComponentInput (OutputReferenceNumber, InputReferenceNumber, InputStageNumber, InputRatio, CreatedDate, CreatedByUserId, LastUpdatedDate, LastUpdatedByUserId) values ('2014-9', '6125', 1, 0.17160, '2022-09-13T19:46:27', 'Michelle Saito', '2022-09-13T19:46:27', 'Michelle Saito')
insert CoatingComponentInput (OutputReferenceNumber, InputReferenceNumber, InputStageNumber, InputRatio, CreatedDate, CreatedByUserId, LastUpdatedDate, LastUpdatedByUserId) values ('2022-1', '1065B', 1, 0.04373, '2022-09-26T20:10:33', 'Michelle Saito', '2022-09-26T20:10:33', 'Michelle Saito')
insert CoatingComponentInput (OutputReferenceNumber, InputReferenceNumber, InputStageNumber, InputRatio, CreatedDate, CreatedByUserId, LastUpdatedDate, LastUpdatedByUserId) values ('2022-1', '1065B', 2, 0.47584, '2022-09-26T20:10:33', 'Michelle Saito', '2022-09-26T20:10:33', 'Michelle Saito')
insert CoatingComponentInput (OutputReferenceNumber, InputReferenceNumber, InputStageNumber, InputRatio, CreatedDate, CreatedByUserId, LastUpdatedDate, LastUpdatedByUserId) values ('2022-1', '1065B', 4, 0.00100, '2022-09-26T20:10:33', 'Michelle Saito', '2022-09-26T20:10:33', 'Michelle Saito')
insert CoatingComponentInput (OutputReferenceNumber, InputReferenceNumber, InputStageNumber, InputRatio, CreatedDate, CreatedByUserId, LastUpdatedDate, LastUpdatedByUserId) values ('2022-1', 'BB7348DAZ', 3, 0.41416, '2022-09-26T20:10:33', 'Michelle Saito', '2022-09-26T20:10:33', 'Michelle Saito')
insert CoatingComponentInput (OutputReferenceNumber, InputReferenceNumber, InputStageNumber, InputRatio, CreatedDate, CreatedByUserId, LastUpdatedDate, LastUpdatedByUserId) values ('2022-1', 'Ester 3', 1, 0.06476, '2022-09-26T20:10:33', 'Michelle Saito', '2022-09-26T20:10:33', 'Michelle Saito')
insert CoatingComponentInput (OutputReferenceNumber, InputReferenceNumber, InputStageNumber, InputRatio, CreatedDate, CreatedByUserId, LastUpdatedDate, LastUpdatedByUserId) values ('720-101-030', '1509-5', 2, 0.00478, '2022-06-06T14:24:48', 'admin', '2022-06-06T14:24:48', 'admin')
insert CoatingComponentInput (OutputReferenceNumber, InputReferenceNumber, InputStageNumber, InputRatio, CreatedDate, CreatedByUserId, LastUpdatedDate, LastUpdatedByUserId) values ('720-101-030', '3017', 2, 0.01799, '2022-06-06T14:24:48', 'admin', '2022-06-06T14:24:48', 'admin')
insert CoatingComponentInput (OutputReferenceNumber, InputReferenceNumber, InputStageNumber, InputRatio, CreatedDate, CreatedByUserId, LastUpdatedDate, LastUpdatedByUserId) values ('720-101-030', '3035', 3, 0.01235, '2022-06-06T14:24:48', 'admin', '2022-06-06T14:24:48', 'admin')
insert CoatingComponentInput (OutputReferenceNumber, InputReferenceNumber, InputStageNumber, InputRatio, CreatedDate, CreatedByUserId, LastUpdatedDate, LastUpdatedByUserId) values ('720-101-030', '3040', 1, 0.43094, '2022-06-06T14:24:48', 'admin', '2022-06-06T14:24:48', 'admin')
insert CoatingComponentInput (OutputReferenceNumber, InputReferenceNumber, InputStageNumber, InputRatio, CreatedDate, CreatedByUserId, LastUpdatedDate, LastUpdatedByUserId) values ('720-101-030', '3065', 1, 0.18393, '2022-06-06T14:24:48', 'admin', '2022-06-06T14:24:48', 'admin')
insert CoatingComponentInput (OutputReferenceNumber, InputReferenceNumber, InputStageNumber, InputRatio, CreatedDate, CreatedByUserId, LastUpdatedDate, LastUpdatedByUserId) values ('720-101-030', '3110', 2, 0.04080, '2022-06-06T14:24:48', 'admin', '2022-06-06T14:24:48', 'admin')
insert CoatingComponentInput (OutputReferenceNumber, InputReferenceNumber, InputStageNumber, InputRatio, CreatedDate, CreatedByUserId, LastUpdatedDate, LastUpdatedByUserId) values ('720-101-030', '3110', 3, 0.26530, '2022-06-06T14:24:48', 'admin', '2022-06-06T14:24:48', 'admin')
insert CoatingComponentInput (OutputReferenceNumber, InputReferenceNumber, InputStageNumber, InputRatio, CreatedDate, CreatedByUserId, LastUpdatedDate, LastUpdatedByUserId) values ('720-101-030', '3110', 4, 0.01440, '2022-06-06T14:24:48', 'admin', '2022-06-06T14:24:48', 'admin')
insert CoatingComponentInput (OutputReferenceNumber, InputReferenceNumber, InputStageNumber, InputRatio, CreatedDate, CreatedByUserId, LastUpdatedDate, LastUpdatedByUserId) values ('720-101-030', '720-126-001', 3, 0.02950, '2022-06-06T14:24:48', 'admin', '2022-06-06T14:24:48', 'admin')
insert CoatingComponentInput (OutputReferenceNumber, InputReferenceNumber, InputStageNumber, InputRatio, CreatedDate, CreatedByUserId, LastUpdatedDate, LastUpdatedByUserId) values ('720-101-032', '1509-5', 2, 0.00959, '2022-06-06T14:24:48', 'admin', '2022-06-06T14:24:48', 'admin')
insert CoatingComponentInput (OutputReferenceNumber, InputReferenceNumber, InputStageNumber, InputRatio, CreatedDate, CreatedByUserId, LastUpdatedDate, LastUpdatedByUserId) values ('720-101-032', '3005', 3, 0.00444, '2022-06-06T14:24:48', 'admin', '2022-06-06T14:24:48', 'admin')
insert CoatingComponentInput (OutputReferenceNumber, InputReferenceNumber, InputStageNumber, InputRatio, CreatedDate, CreatedByUserId, LastUpdatedDate, LastUpdatedByUserId) values ('720-101-032', '3017', 2, 0.02062, '2022-06-06T14:24:48', 'admin', '2022-06-06T14:24:48', 'admin')
insert CoatingComponentInput (OutputReferenceNumber, InputReferenceNumber, InputStageNumber, InputRatio, CreatedDate, CreatedByUserId, LastUpdatedDate, LastUpdatedByUserId) values ('720-101-032', '3035', 3, 0.01739, '2022-06-06T14:24:48', 'admin', '2022-06-06T14:24:48', 'admin')
insert CoatingComponentInput (OutputReferenceNumber, InputReferenceNumber, InputStageNumber, InputRatio, CreatedDate, CreatedByUserId, LastUpdatedDate, LastUpdatedByUserId) values ('720-101-032', '3040', 1, 0.49221, '2022-06-06T14:24:48', 'admin', '2022-06-06T14:24:48', 'admin')
insert CoatingComponentInput (OutputReferenceNumber, InputReferenceNumber, InputStageNumber, InputRatio, CreatedDate, CreatedByUserId, LastUpdatedDate, LastUpdatedByUserId) values ('720-101-032', '3065', 1, 0.28070, '2022-06-06T14:24:48', 'admin', '2022-06-06T14:24:48', 'admin')
insert CoatingComponentInput (OutputReferenceNumber, InputReferenceNumber, InputStageNumber, InputRatio, CreatedDate, CreatedByUserId, LastUpdatedDate, LastUpdatedByUserId) values ('720-101-032', '3110', 2, 0.04200, '2022-06-06T14:24:48', 'admin', '2022-06-06T14:24:48', 'admin')
insert CoatingComponentInput (OutputReferenceNumber, InputReferenceNumber, InputStageNumber, InputRatio, CreatedDate, CreatedByUserId, LastUpdatedDate, LastUpdatedByUserId) values ('720-101-032', '3110', 3, 0.03840, '2022-06-06T14:24:48', 'admin', '2022-06-06T14:24:48', 'admin')
insert CoatingComponentInput (OutputReferenceNumber, InputReferenceNumber, InputStageNumber, InputRatio, CreatedDate, CreatedByUserId, LastUpdatedDate, LastUpdatedByUserId) values ('720-101-032', '3110', 4, 0.02400, '2022-06-06T14:24:48', 'admin', '2022-06-06T14:24:48', 'admin')
insert CoatingComponentInput (OutputReferenceNumber, InputReferenceNumber, InputStageNumber, InputRatio, CreatedDate, CreatedByUserId, LastUpdatedDate, LastUpdatedByUserId) values ('720-101-032', '3110', 5, 0.03000, '2022-06-06T14:24:48', 'admin', '2022-06-06T14:24:48', 'admin')
insert CoatingComponentInput (OutputReferenceNumber, InputReferenceNumber, InputStageNumber, InputRatio, CreatedDate, CreatedByUserId, LastUpdatedDate, LastUpdatedByUserId) values ('720-101-032', '720-126-001', 4, 0.04077, '2022-06-06T14:24:48', 'admin', '2022-06-06T14:24:48', 'admin')
insert CoatingComponentInput (OutputReferenceNumber, InputReferenceNumber, InputStageNumber, InputRatio, CreatedDate, CreatedByUserId, LastUpdatedDate, LastUpdatedByUserId) values ('720-102-001', '3035', 2, 0.01391, '2022-06-06T14:24:48', 'admin', '2022-06-06T14:24:48', 'admin')
insert CoatingComponentInput (OutputReferenceNumber, InputReferenceNumber, InputStageNumber, InputRatio, CreatedDate, CreatedByUserId, LastUpdatedDate, LastUpdatedByUserId) values ('720-102-001', '3080', 1, 0.30156, '2022-06-06T14:24:48', 'admin', '2022-06-06T14:24:48', 'admin')
insert CoatingComponentInput (OutputReferenceNumber, InputReferenceNumber, InputStageNumber, InputRatio, CreatedDate, CreatedByUserId, LastUpdatedDate, LastUpdatedByUserId) values ('720-102-001', '3110', 2, 0.29240, '2022-06-06T14:24:48', 'admin', '2022-06-06T14:24:48', 'admin')
insert CoatingComponentInput (OutputReferenceNumber, InputReferenceNumber, InputStageNumber, InputRatio, CreatedDate, CreatedByUserId, LastUpdatedDate, LastUpdatedByUserId) values ('720-102-001', '3110', 3, 0.35060, '2022-06-06T14:24:48', 'admin', '2022-06-06T14:24:48', 'admin')
insert CoatingComponentInput (OutputReferenceNumber, InputReferenceNumber, InputStageNumber, InputRatio, CreatedDate, CreatedByUserId, LastUpdatedDate, LastUpdatedByUserId) values ('720-102-001', '720-126-001', 2, 0.04149, '2022-06-06T14:24:48', 'admin', '2022-06-06T14:24:48', 'admin')
insert CoatingComponentInput (OutputReferenceNumber, InputReferenceNumber, InputStageNumber, InputRatio, CreatedDate, CreatedByUserId, LastUpdatedDate, LastUpdatedByUserId) values ('720-126-001', '3035', 4, 0.18137, '2022-06-06T14:24:48', 'admin', '2022-06-06T14:24:48', 'admin')
insert CoatingComponentInput (OutputReferenceNumber, InputReferenceNumber, InputStageNumber, InputRatio, CreatedDate, CreatedByUserId, LastUpdatedDate, LastUpdatedByUserId) values ('720-126-001', '3062', 1, 0.04265, '2022-06-06T14:24:48', 'admin', '2022-06-06T14:24:48', 'admin')
insert CoatingComponentInput (OutputReferenceNumber, InputReferenceNumber, InputStageNumber, InputRatio, CreatedDate, CreatedByUserId, LastUpdatedDate, LastUpdatedByUserId) values ('720-126-001', '3090', 3, 0.43137, '2022-06-06T14:24:48', 'admin', '2022-06-06T14:24:48', 'admin')
insert CoatingComponentInput (OutputReferenceNumber, InputReferenceNumber, InputStageNumber, InputRatio, CreatedDate, CreatedByUserId, LastUpdatedDate, LastUpdatedByUserId) values ('720-126-001', '3110', 1, 0.13770, '2022-06-06T14:24:48', 'admin', '2022-06-06T14:24:48', 'admin')
insert CoatingComponentInput (OutputReferenceNumber, InputReferenceNumber, InputStageNumber, InputRatio, CreatedDate, CreatedByUserId, LastUpdatedDate, LastUpdatedByUserId) values ('720-126-001', '3110', 2, 0.13820, '2022-06-06T14:24:48', 'admin', '2022-06-06T14:24:48', 'admin')
insert CoatingComponentInput (OutputReferenceNumber, InputReferenceNumber, InputStageNumber, InputRatio, CreatedDate, CreatedByUserId, LastUpdatedDate, LastUpdatedByUserId) values ('720-126-001', '3110', 4, 0.06860, '2022-06-06T14:24:48', 'admin', '2022-06-06T14:24:48', 'admin')
insert CoatingComponentInput (OutputReferenceNumber, InputReferenceNumber, InputStageNumber, InputRatio, CreatedDate, CreatedByUserId, LastUpdatedDate, LastUpdatedByUserId) values ('720-505-005', '1015', 2, 0.29567, '2022-06-06T14:24:48', 'admin', '2022-06-06T14:24:48', 'admin')
insert CoatingComponentInput (OutputReferenceNumber, InputReferenceNumber, InputStageNumber, InputRatio, CreatedDate, CreatedByUserId, LastUpdatedDate, LastUpdatedByUserId) values ('720-505-005', '1055', 3, 0.02957, '2022-06-06T14:24:48', 'admin', '2022-06-06T14:24:48', 'admin')
insert CoatingComponentInput (OutputReferenceNumber, InputReferenceNumber, InputStageNumber, InputRatio, CreatedDate, CreatedByUserId, LastUpdatedDate, LastUpdatedByUserId) values ('720-505-005', '1065B', 1, 0.67476, '2022-06-06T14:24:48', 'admin', '2022-06-06T14:24:48', 'admin')
insert CoatingComponentInput (OutputReferenceNumber, InputReferenceNumber, InputStageNumber, InputRatio, CreatedDate, CreatedByUserId, LastUpdatedDate, LastUpdatedByUserId) values ('720-505-005HV', '1015', 3, 0.29634, '2022-06-06T14:24:48', 'admin', '2022-06-22T15:53:52', 'Michelle Saito')
insert CoatingComponentInput (OutputReferenceNumber, InputReferenceNumber, InputStageNumber, InputRatio, CreatedDate, CreatedByUserId, LastUpdatedDate, LastUpdatedByUserId) values ('720-505-005HV', '1055', 2, 0.02963, '2022-06-06T14:24:48', 'admin', '2022-06-22T15:53:52', 'Michelle Saito')
insert CoatingComponentInput (OutputReferenceNumber, InputReferenceNumber, InputStageNumber, InputRatio, CreatedDate, CreatedByUserId, LastUpdatedDate, LastUpdatedByUserId) values ('720-505-005HV', '1060', 1, 0.67403, '2022-06-06T14:24:48', 'admin', '2022-06-22T15:53:52', 'Michelle Saito')
insert CoatingComponentInput (OutputReferenceNumber, InputReferenceNumber, InputStageNumber, InputRatio, CreatedDate, CreatedByUserId, LastUpdatedDate, LastUpdatedByUserId) values ('720-505-005HV', '1065B', 4, 0.00100, '2022-06-22T15:53:52', 'Michelle Saito', '2022-06-22T15:53:52', 'Michelle Saito')
insert CoatingComponentInput (OutputReferenceNumber, InputReferenceNumber, InputStageNumber, InputRatio, CreatedDate, CreatedByUserId, LastUpdatedDate, LastUpdatedByUserId) values ('720-505-005LV', '1015', 1, 0.29570, '2022-06-06T14:24:48', 'admin', '2022-06-06T14:24:48', 'admin')
insert CoatingComponentInput (OutputReferenceNumber, InputReferenceNumber, InputStageNumber, InputRatio, CreatedDate, CreatedByUserId, LastUpdatedDate, LastUpdatedByUserId) values ('720-505-005LV', '1055', 1, 0.02960, '2022-06-06T14:24:48', 'admin', '2022-06-06T14:24:48', 'admin')
insert CoatingComponentInput (OutputReferenceNumber, InputReferenceNumber, InputStageNumber, InputRatio, CreatedDate, CreatedByUserId, LastUpdatedDate, LastUpdatedByUserId) values ('720-505-005LV', '1065B', 1, 0.67480, '2022-06-06T14:24:48', 'admin', '2022-06-06T14:24:48', 'admin')
insert CoatingComponentInput (OutputReferenceNumber, InputReferenceNumber, InputStageNumber, InputRatio, CreatedDate, CreatedByUserId, LastUpdatedDate, LastUpdatedByUserId) values ('7525-43', '1055', 2, 0.03324, '2022-06-06T14:24:48', 'admin', '2022-06-22T15:49:05', 'Michelle Saito')
insert CoatingComponentInput (OutputReferenceNumber, InputReferenceNumber, InputStageNumber, InputRatio, CreatedDate, CreatedByUserId, LastUpdatedDate, LastUpdatedByUserId) values ('7525-43', '1065B', 1, 0.58509, '2022-06-06T14:24:48', 'admin', '2022-06-22T15:49:05', 'Michelle Saito')
insert CoatingComponentInput (OutputReferenceNumber, InputReferenceNumber, InputStageNumber, InputRatio, CreatedDate, CreatedByUserId, LastUpdatedDate, LastUpdatedByUserId) values ('7525-43', '1065B', 4, 0.00100, '2022-06-22T15:49:05', 'Michelle Saito', '2022-06-22T15:49:05', 'Michelle Saito')
insert CoatingComponentInput (OutputReferenceNumber, InputReferenceNumber, InputStageNumber, InputRatio, CreatedDate, CreatedByUserId, LastUpdatedDate, LastUpdatedByUserId) values ('7525-43', '7525', 3, 0.38168, '2022-06-06T14:24:48', 'admin', '2022-06-22T15:49:05', 'Michelle Saito')
insert CoatingComponentInput (OutputReferenceNumber, InputReferenceNumber, InputStageNumber, InputRatio, CreatedDate, CreatedByUserId, LastUpdatedDate, LastUpdatedByUserId) values ('LEGACY-RFL-MIX', 'LEGACY-AMMONIA', 1, 0.00000, '2022-06-06T14:24:48', 'admin', '2022-06-06T14:24:48', 'admin')
insert CoatingComponentInput (OutputReferenceNumber, InputReferenceNumber, InputStageNumber, InputRatio, CreatedDate, CreatedByUserId, LastUpdatedDate, LastUpdatedByUserId) values ('LEGACY-RFL-MIX', 'LEGACY-FORMALDEHYDE', 1, 0.00000, '2022-06-06T14:24:48', 'admin', '2022-06-06T14:24:48', 'admin')
insert CoatingComponentInput (OutputReferenceNumber, InputReferenceNumber, InputStageNumber, InputRatio, CreatedDate, CreatedByUserId, LastUpdatedDate, LastUpdatedByUserId) values ('LEGACY-RFL-MIX', 'LEGACY-GENFLO', 1, 0.00000, '2022-06-06T14:24:48', 'admin', '2022-06-06T14:24:48', 'admin')
insert CoatingComponentInput (OutputReferenceNumber, InputReferenceNumber, InputStageNumber, InputRatio, CreatedDate, CreatedByUserId, LastUpdatedDate, LastUpdatedByUserId) values ('LEGACY-RFL-MIX', 'LEGACY-IPA', 1, 0.00000, '2022-06-06T14:24:48', 'admin', '2022-06-06T14:24:48', 'admin')
insert CoatingComponentInput (OutputReferenceNumber, InputReferenceNumber, InputStageNumber, InputRatio, CreatedDate, CreatedByUserId, LastUpdatedDate, LastUpdatedByUserId) values ('LEGACY-RFL-MIX', 'LEGACY-NEOPRENE', 1, 0.00000, '2022-06-06T14:24:48', 'admin', '2022-06-06T14:24:48', 'admin')
insert CoatingComponentInput (OutputReferenceNumber, InputReferenceNumber, InputStageNumber, InputRatio, CreatedDate, CreatedByUserId, LastUpdatedDate, LastUpdatedByUserId) values ('LEGACY-RFL-MIX', 'LEGACY-RUBBER', 1, 0.00000, '2022-06-06T14:24:48', 'admin', '2022-06-06T14:24:48', 'admin')
insert CoatingComponentInput (OutputReferenceNumber, InputReferenceNumber, InputStageNumber, InputRatio, CreatedDate, CreatedByUserId, LastUpdatedDate, LastUpdatedByUserId) values ('LEGACY-RFL-MIX', 'LEGACY-VP106', 1, 0.00000, '2022-06-06T14:24:48', 'admin', '2022-06-06T14:24:48', 'admin')
insert CoatingComponentInput (OutputReferenceNumber, InputReferenceNumber, InputStageNumber, InputRatio, CreatedDate, CreatedByUserId, LastUpdatedDate, LastUpdatedByUserId) values ('LEGACY-TOLUENE-MIX', 'LEGACY-MEK', 1, 0.00000, '2022-06-06T14:24:48', 'admin', '2022-06-06T14:24:48', 'admin')
insert CoatingComponentInput (OutputReferenceNumber, InputReferenceNumber, InputStageNumber, InputRatio, CreatedDate, CreatedByUserId, LastUpdatedDate, LastUpdatedByUserId) values ('LEGACY-TOLUENE-MIX', 'LEGACY-RUBBER', 1, 0.00000, '2022-06-06T14:24:48', 'admin', '2022-06-06T14:24:48', 'admin')
insert CoatingComponentInput (OutputReferenceNumber, InputReferenceNumber, InputStageNumber, InputRatio, CreatedDate, CreatedByUserId, LastUpdatedDate, LastUpdatedByUserId) values ('LEGACY-TOLUENE-MIX', 'LEGACY-TOLUENE', 1, 0.00000, '2022-06-06T14:24:48', 'admin', '2022-06-06T14:24:48', 'admin')
insert CoatingComponentInput (OutputReferenceNumber, InputReferenceNumber, InputStageNumber, InputRatio, CreatedDate, CreatedByUserId, LastUpdatedDate, LastUpdatedByUserId) values ('LEGACY-URETHANE-MIX', 'LEGACY-DMF', 1, 0.00000, '2022-06-06T14:24:48', 'admin', '2022-06-06T14:24:48', 'admin')
insert CoatingComponentInput (OutputReferenceNumber, InputReferenceNumber, InputStageNumber, InputRatio, CreatedDate, CreatedByUserId, LastUpdatedDate, LastUpdatedByUserId) values ('LEGACY-URETHANE-MIX', 'LEGACY-IPA', 1, 0.00000, '2022-06-06T14:24:48', 'admin', '2022-06-06T14:24:48', 'admin')
insert CoatingComponentInput (OutputReferenceNumber, InputReferenceNumber, InputStageNumber, InputRatio, CreatedDate, CreatedByUserId, LastUpdatedDate, LastUpdatedByUserId) values ('LEGACY-URETHANE-MIX', 'LEGACY-MDI', 1, 0.00000, '2022-06-06T14:24:48', 'admin', '2022-06-06T14:24:48', 'admin')
insert CoatingComponentInput (OutputReferenceNumber, InputReferenceNumber, InputStageNumber, InputRatio, CreatedDate, CreatedByUserId, LastUpdatedDate, LastUpdatedByUserId) values ('LEGACY-URETHANE-MIX', 'LEGACY-MEK', 1, 0.00000, '2022-06-06T14:24:48', 'admin', '2022-06-06T14:24:48', 'admin')
insert CoatingComponentInput (OutputReferenceNumber, InputReferenceNumber, InputStageNumber, InputRatio, CreatedDate, CreatedByUserId, LastUpdatedDate, LastUpdatedByUserId) values ('LEGACY-URETHANE-MIX', 'LEGACY-PGLYCOL', 1, 0.00000, '2022-06-06T14:24:48', 'admin', '2022-06-06T14:24:48', 'admin')
insert CoatingComponentInput (OutputReferenceNumber, InputReferenceNumber, InputStageNumber, InputRatio, CreatedDate, CreatedByUserId, LastUpdatedDate, LastUpdatedByUserId) values ('LEGACY-URETHANE-MIX', 'LEGACY-TOLUENE', 1, 0.00000, '2022-06-06T14:24:48', 'admin', '2022-06-06T14:24:48', 'admin')
insert CoatingComponentInput (OutputReferenceNumber, InputReferenceNumber, InputStageNumber, InputRatio, CreatedDate, CreatedByUserId, LastUpdatedDate, LastUpdatedByUserId) values ('LEGACY-URETHANE-MIX', 'LEGACY-URETHANE', 1, 0.00000, '2022-06-06T14:24:48', 'admin', '2022-06-06T14:24:48', 'admin')
insert CoatingComponentInput (OutputReferenceNumber, InputReferenceNumber, InputStageNumber, InputRatio, CreatedDate, CreatedByUserId, LastUpdatedDate, LastUpdatedByUserId) values ('LSXBASE-WC', '4300A', 1, 0.23600, '2022-06-06T14:24:48', 'admin', '2022-06-24T14:54:32', 'Michelle Saito')
insert CoatingComponentInput (OutputReferenceNumber, InputReferenceNumber, InputStageNumber, InputRatio, CreatedDate, CreatedByUserId, LastUpdatedDate, LastUpdatedByUserId) values ('LSXBASE-WC', '4300B', 4, 0.23600, '2022-06-06T14:24:48', 'admin', '2022-06-24T14:54:32', 'Michelle Saito')
insert CoatingComponentInput (OutputReferenceNumber, InputReferenceNumber, InputStageNumber, InputRatio, CreatedDate, CreatedByUserId, LastUpdatedDate, LastUpdatedByUserId) values ('LSXBASE-WC', 'FG-329', 2, 0.02900, '2022-06-06T14:24:48', 'admin', '2022-06-24T14:54:32', 'Michelle Saito')
insert CoatingComponentInput (OutputReferenceNumber, InputReferenceNumber, InputStageNumber, InputRatio, CreatedDate, CreatedByUserId, LastUpdatedDate, LastUpdatedByUserId) values ('LSXBASE-WC', 'RBL-9119', 1, 0.19100, '2022-06-06T14:24:48', 'admin', '2022-06-24T14:54:32', 'Michelle Saito')
insert CoatingComponentInput (OutputReferenceNumber, InputReferenceNumber, InputStageNumber, InputRatio, CreatedDate, CreatedByUserId, LastUpdatedDate, LastUpdatedByUserId) values ('LSXBASE-WC', 'SXFBR-P25', 2, 0.01400, '2022-06-06T14:24:48', 'admin', '2022-06-24T14:54:32', 'Michelle Saito')
insert CoatingComponentInput (OutputReferenceNumber, InputReferenceNumber, InputStageNumber, InputRatio, CreatedDate, CreatedByUserId, LastUpdatedDate, LastUpdatedByUserId) values ('LSXBASE-WC', 'SX_6-3570', 4, 0.00500, '2022-06-06T14:24:48', 'admin', '2022-06-24T14:54:32', 'Michelle Saito')
insert CoatingComponentInput (OutputReferenceNumber, InputReferenceNumber, InputStageNumber, InputRatio, CreatedDate, CreatedByUserId, LastUpdatedDate, LastUpdatedByUserId) values ('LSXBASE-WC', 'SX_TIDI', 3, 0.28800, '2022-06-06T14:24:48', 'admin', '2022-06-24T14:54:32', 'Michelle Saito')
insert CoatingComponentInput (OutputReferenceNumber, InputReferenceNumber, InputStageNumber, InputRatio, CreatedDate, CreatedByUserId, LastUpdatedDate, LastUpdatedByUserId) values ('SA1302-P007', '2027', 2, 0.00700, '2022-06-06T14:24:48', 'admin', '2022-06-06T14:24:48', 'admin')
insert CoatingComponentInput (OutputReferenceNumber, InputReferenceNumber, InputStageNumber, InputRatio, CreatedDate, CreatedByUserId, LastUpdatedDate, LastUpdatedByUserId) values ('SA1302-P007', 'SA1302', 1, 1.00000, '2022-06-06T14:24:48', 'admin', '2022-06-06T14:24:48', 'admin')
insert CoatingComponentInput (OutputReferenceNumber, InputReferenceNumber, InputStageNumber, InputRatio, CreatedDate, CreatedByUserId, LastUpdatedDate, LastUpdatedByUserId) values ('SA1310-P007', '2027', 2, 0.00700, '2022-06-06T14:24:48', 'admin', '2022-06-06T14:24:48', 'admin')
insert CoatingComponentInput (OutputReferenceNumber, InputReferenceNumber, InputStageNumber, InputRatio, CreatedDate, CreatedByUserId, LastUpdatedDate, LastUpdatedByUserId) values ('SA1310-P007', 'SA1310', 1, 1.00000, '2022-06-06T14:24:48', 'admin', '2022-06-06T14:24:48', 'admin')
insert CoatingComponentInput (OutputReferenceNumber, InputReferenceNumber, InputStageNumber, InputRatio, CreatedDate, CreatedByUserId, LastUpdatedDate, LastUpdatedByUserId) values ('SA1310-P015', '2027', 2, 0.01500, '2022-06-06T14:24:48', 'admin', '2022-06-06T14:24:48', 'admin')
insert CoatingComponentInput (OutputReferenceNumber, InputReferenceNumber, InputStageNumber, InputRatio, CreatedDate, CreatedByUserId, LastUpdatedDate, LastUpdatedByUserId) values ('SA1310-P015', 'SA1310', 1, 1.00000, '2022-06-06T14:24:48', 'admin', '2022-06-06T14:24:48', 'admin')
insert CoatingComponentInput (OutputReferenceNumber, InputReferenceNumber, InputStageNumber, InputRatio, CreatedDate, CreatedByUserId, LastUpdatedDate, LastUpdatedByUserId) values ('SA1310-P020', '2027', 2, 0.01500, '2022-06-06T14:24:48', 'admin', '2022-06-06T14:24:48', 'admin')
insert CoatingComponentInput (OutputReferenceNumber, InputReferenceNumber, InputStageNumber, InputRatio, CreatedDate, CreatedByUserId, LastUpdatedDate, LastUpdatedByUserId) values ('SA1310-P020', 'SA1310', 1, 1.00000, '2022-06-06T14:24:48', 'admin', '2022-06-06T14:24:48', 'admin')
insert CoatingComponentInput (OutputReferenceNumber, InputReferenceNumber, InputStageNumber, InputRatio, CreatedDate, CreatedByUserId, LastUpdatedDate, LastUpdatedByUserId) values ('SA1346-P007', '2027', 2, 0.00700, '2022-06-06T14:24:48', 'admin', '2022-06-06T14:24:48', 'admin')
insert CoatingComponentInput (OutputReferenceNumber, InputReferenceNumber, InputStageNumber, InputRatio, CreatedDate, CreatedByUserId, LastUpdatedDate, LastUpdatedByUserId) values ('SA1346-P007', 'SA1346', 1, 1.00000, '2022-06-06T14:24:48', 'admin', '2022-06-06T14:24:48', 'admin')
insert CoatingComponentInput (OutputReferenceNumber, InputReferenceNumber, InputStageNumber, InputRatio, CreatedDate, CreatedByUserId, LastUpdatedDate, LastUpdatedByUserId) values ('SA1346-P015', '2027', 2, 0.01500, '2022-06-06T14:24:48', 'admin', '2022-06-06T14:24:48', 'admin')
insert CoatingComponentInput (OutputReferenceNumber, InputReferenceNumber, InputStageNumber, InputRatio, CreatedDate, CreatedByUserId, LastUpdatedDate, LastUpdatedByUserId) values ('SA1346-P015', 'SA1346', 1, 1.00000, '2022-06-06T14:24:48', 'admin', '2022-06-06T14:24:48', 'admin')
insert CoatingComponentInput (OutputReferenceNumber, InputReferenceNumber, InputStageNumber, InputRatio, CreatedDate, CreatedByUserId, LastUpdatedDate, LastUpdatedByUserId) values ('SA1349', '1046', 1, 0.40000, '2022-10-24T18:54:03', 'Michelle Saito', '2022-10-24T18:56:56', 'Michelle Saito')
insert CoatingComponentInput (OutputReferenceNumber, InputReferenceNumber, InputStageNumber, InputRatio, CreatedDate, CreatedByUserId, LastUpdatedDate, LastUpdatedByUserId) values ('SA1349', '6125', 1, 0.38000, '2022-10-24T18:56:56', 'Michelle Saito', '2022-10-24T18:56:56', 'Michelle Saito')
insert CoatingComponentInput (OutputReferenceNumber, InputReferenceNumber, InputStageNumber, InputRatio, CreatedDate, CreatedByUserId, LastUpdatedDate, LastUpdatedByUserId) values ('SA1349-P007', '2027', 2, 0.00700, '2022-06-06T14:24:48', 'admin', '2022-06-06T14:24:48', 'admin')
insert CoatingComponentInput (OutputReferenceNumber, InputReferenceNumber, InputStageNumber, InputRatio, CreatedDate, CreatedByUserId, LastUpdatedDate, LastUpdatedByUserId) values ('SA1349-P007', 'SA1349', 1, 1.00000, '2022-06-06T14:24:48', 'admin', '2022-06-06T14:24:48', 'admin')
insert CoatingComponentInput (OutputReferenceNumber, InputReferenceNumber, InputStageNumber, InputRatio, CreatedDate, CreatedByUserId, LastUpdatedDate, LastUpdatedByUserId) values ('SA1349-P015', '2027', 2, 0.01500, '2022-06-06T14:24:48', 'admin', '2022-06-06T14:24:48', 'admin')
insert CoatingComponentInput (OutputReferenceNumber, InputReferenceNumber, InputStageNumber, InputRatio, CreatedDate, CreatedByUserId, LastUpdatedDate, LastUpdatedByUserId) values ('SA1349-P015', 'SA1349', 1, 1.00000, '2022-06-06T14:24:48', 'admin', '2022-06-06T14:24:48', 'admin')
insert CoatingComponentInput (OutputReferenceNumber, InputReferenceNumber, InputStageNumber, InputRatio, CreatedDate, CreatedByUserId, LastUpdatedDate, LastUpdatedByUserId) values ('SA1349-P020', '2027', 2, 0.02000, '2022-06-06T14:24:48', 'admin', '2022-06-06T14:24:48', 'admin')
insert CoatingComponentInput (OutputReferenceNumber, InputReferenceNumber, InputStageNumber, InputRatio, CreatedDate, CreatedByUserId, LastUpdatedDate, LastUpdatedByUserId) values ('SA1349-P020', 'SA1349', 1, 1.00000, '2022-06-06T14:24:48', 'admin', '2022-06-06T14:24:48', 'admin')
insert CoatingComponentInput (OutputReferenceNumber, InputReferenceNumber, InputStageNumber, InputRatio, CreatedDate, CreatedByUserId, LastUpdatedDate, LastUpdatedByUserId) values ('SA1349-P025', '2027', 2, 0.02500, '2022-06-06T14:24:48', 'admin', '2022-06-06T14:24:48', 'admin')
insert CoatingComponentInput (OutputReferenceNumber, InputReferenceNumber, InputStageNumber, InputRatio, CreatedDate, CreatedByUserId, LastUpdatedDate, LastUpdatedByUserId) values ('SA1349-P025', 'SA1349', 1, 1.00000, '2022-06-06T14:24:48', 'admin', '2022-06-06T14:24:48', 'admin')
insert CoatingComponentInput (OutputReferenceNumber, InputReferenceNumber, InputStageNumber, InputRatio, CreatedDate, CreatedByUserId, LastUpdatedDate, LastUpdatedByUserId) values ('SA1364-P007', '2027', 2, 0.00700, '2022-06-06T14:24:48', 'admin', '2022-06-06T14:24:48', 'admin')
insert CoatingComponentInput (OutputReferenceNumber, InputReferenceNumber, InputStageNumber, InputRatio, CreatedDate, CreatedByUserId, LastUpdatedDate, LastUpdatedByUserId) values ('SA1364-P007', 'SA1364', 1, 1.00000, '2022-06-06T14:24:48', 'admin', '2022-06-06T14:24:48', 'admin')
insert CoatingComponentInput (OutputReferenceNumber, InputReferenceNumber, InputStageNumber, InputRatio, CreatedDate, CreatedByUserId, LastUpdatedDate, LastUpdatedByUserId) values ('SA1364-P012', '2027', 2, 0.01200, '2022-06-06T14:24:48', 'admin', '2022-06-06T14:24:48', 'admin')
insert CoatingComponentInput (OutputReferenceNumber, InputReferenceNumber, InputStageNumber, InputRatio, CreatedDate, CreatedByUserId, LastUpdatedDate, LastUpdatedByUserId) values ('SA1364-P012', 'SA1364', 1, 1.00000, '2022-06-06T14:24:48', 'admin', '2022-06-06T14:24:48', 'admin')
insert CoatingComponentInput (OutputReferenceNumber, InputReferenceNumber, InputStageNumber, InputRatio, CreatedDate, CreatedByUserId, LastUpdatedDate, LastUpdatedByUserId) values ('SA1364-P014', '2027', 1, 0.01400, '2022-06-06T14:24:48', 'admin', '2022-06-06T14:24:48', 'admin')
insert CoatingComponentInput (OutputReferenceNumber, InputReferenceNumber, InputStageNumber, InputRatio, CreatedDate, CreatedByUserId, LastUpdatedDate, LastUpdatedByUserId) values ('SA1364-P014', 'SA1364', 1, 1.00000, '2022-06-06T14:24:48', 'admin', '2022-06-06T14:24:48', 'admin')
insert CoatingComponentInput (OutputReferenceNumber, InputReferenceNumber, InputStageNumber, InputRatio, CreatedDate, CreatedByUserId, LastUpdatedDate, LastUpdatedByUserId) values ('SA1364-UVP007', '1061', 2, 0.00700, '2022-06-06T14:24:48', 'admin', '2022-09-28T19:10:40', 'Michelle Saito')
insert CoatingComponentInput (OutputReferenceNumber, InputReferenceNumber, InputStageNumber, InputRatio, CreatedDate, CreatedByUserId, LastUpdatedDate, LastUpdatedByUserId) values ('SA1364-UVP007', 'SA1364', 1, 1.00000, '2022-06-06T14:24:48', 'admin', '2022-09-28T19:10:40', 'Michelle Saito')
insert CoatingComponentInput (OutputReferenceNumber, InputReferenceNumber, InputStageNumber, InputRatio, CreatedDate, CreatedByUserId, LastUpdatedDate, LastUpdatedByUserId) values ('SA1387-P007', '2027', 2, 0.00700, '2022-06-06T14:24:48', 'admin', '2022-06-06T14:24:48', 'admin')
insert CoatingComponentInput (OutputReferenceNumber, InputReferenceNumber, InputStageNumber, InputRatio, CreatedDate, CreatedByUserId, LastUpdatedDate, LastUpdatedByUserId) values ('SA1387-P007', 'SA1387', 1, 1.00000, '2022-06-06T14:24:48', 'admin', '2022-06-06T14:24:48', 'admin')
insert CoatingComponentInput (OutputReferenceNumber, InputReferenceNumber, InputStageNumber, InputRatio, CreatedDate, CreatedByUserId, LastUpdatedDate, LastUpdatedByUserId) values ('SPACE-X DIP', '1060', 1, 0.88230, '2022-06-06T14:24:48', 'admin', '2022-06-06T14:24:48', 'admin')
insert CoatingComponentInput (OutputReferenceNumber, InputReferenceNumber, InputStageNumber, InputRatio, CreatedDate, CreatedByUserId, LastUpdatedDate, LastUpdatedByUserId) values ('SPACE-X DIP', 'SXACC', 4, 0.01961, '2022-06-06T14:24:48', 'admin', '2022-06-06T14:24:48', 'admin')
insert CoatingComponentInput (OutputReferenceNumber, InputReferenceNumber, InputStageNumber, InputRatio, CreatedDate, CreatedByUserId, LastUpdatedDate, LastUpdatedByUserId) values ('SPACE-X DIP', 'SXBASE', 2, 0.08917, '2022-06-06T14:24:48', 'admin', '2022-06-06T14:24:48', 'admin')
insert CoatingComponentInput (OutputReferenceNumber, InputReferenceNumber, InputStageNumber, InputRatio, CreatedDate, CreatedByUserId, LastUpdatedDate, LastUpdatedByUserId) values ('SPACE-X DIP', 'SXCURE', 3, 0.00892, '2022-06-06T14:24:48', 'admin', '2022-06-06T14:24:48', 'admin')
insert CoatingComponentInput (OutputReferenceNumber, InputReferenceNumber, InputStageNumber, InputRatio, CreatedDate, CreatedByUserId, LastUpdatedDate, LastUpdatedByUserId) values ('SPACE-X LCF TOP', '4300A', 1, 0.38650, '2022-06-06T14:24:48', 'admin', '2022-06-24T14:49:03', 'Michelle Saito')
insert CoatingComponentInput (OutputReferenceNumber, InputReferenceNumber, InputStageNumber, InputRatio, CreatedDate, CreatedByUserId, LastUpdatedDate, LastUpdatedByUserId) values ('SPACE-X LCF TOP', '4300B', 2, 0.38650, '2022-06-06T14:24:48', 'admin', '2022-06-24T14:49:03', 'Michelle Saito')
insert CoatingComponentInput (OutputReferenceNumber, InputReferenceNumber, InputStageNumber, InputRatio, CreatedDate, CreatedByUserId, LastUpdatedDate, LastUpdatedByUserId) values ('SPACE-X LCF TOP', 'RBL-9119', 1, 0.20000, '2022-06-06T14:24:48', 'admin', '2022-06-24T14:49:03', 'Michelle Saito')
insert CoatingComponentInput (OutputReferenceNumber, InputReferenceNumber, InputStageNumber, InputRatio, CreatedDate, CreatedByUserId, LastUpdatedDate, LastUpdatedByUserId) values ('SPACE-X LCF TOP', 'SXBLACK', 1, 0.01000, '2022-06-06T14:24:48', 'admin', '2022-06-24T14:49:03', 'Michelle Saito')
insert CoatingComponentInput (OutputReferenceNumber, InputReferenceNumber, InputStageNumber, InputRatio, CreatedDate, CreatedByUserId, LastUpdatedDate, LastUpdatedByUserId) values ('SPACE-X LCF TOP', 'SXFBR-P251Q', 1, 0.01100, '2022-06-06T14:24:48', 'admin', '2022-06-24T14:49:03', 'Michelle Saito')
insert CoatingComponentInput (OutputReferenceNumber, InputReferenceNumber, InputStageNumber, InputRatio, CreatedDate, CreatedByUserId, LastUpdatedDate, LastUpdatedByUserId) values ('SPACE-X LCF TOP', 'SX_6-3570', 2, 0.00600, '2022-06-06T14:24:48', 'admin', '2022-06-24T14:49:03', 'Michelle Saito')
insert CoatingComponentInput (OutputReferenceNumber, InputReferenceNumber, InputStageNumber, InputRatio, CreatedDate, CreatedByUserId, LastUpdatedDate, LastUpdatedByUserId) values ('SPACEX LCF DIP', '1060', 1, 0.88200, '2022-06-06T14:24:48', 'admin', '2022-06-06T14:24:48', 'admin')
insert CoatingComponentInput (OutputReferenceNumber, InputReferenceNumber, InputStageNumber, InputRatio, CreatedDate, CreatedByUserId, LastUpdatedDate, LastUpdatedByUserId) values ('SPACEX LCF DIP', '4300A', 2, 0.04900, '2022-06-06T14:24:48', 'admin', '2022-06-06T14:24:48', 'admin')
insert CoatingComponentInput (OutputReferenceNumber, InputReferenceNumber, InputStageNumber, InputRatio, CreatedDate, CreatedByUserId, LastUpdatedDate, LastUpdatedByUserId) values ('SPACEX LCF DIP', '4300B', 3, 0.04900, '2022-06-06T14:24:48', 'admin', '2022-06-06T14:24:48', 'admin')
insert CoatingComponentInput (OutputReferenceNumber, InputReferenceNumber, InputStageNumber, InputRatio, CreatedDate, CreatedByUserId, LastUpdatedDate, LastUpdatedByUserId) values ('SPACEX LCF DIP', 'SXACC', 4, 0.02000, '2022-06-06T14:24:48', 'admin', '2022-06-06T14:24:48', 'admin')
insert CoatingComponentInput (OutputReferenceNumber, InputReferenceNumber, InputStageNumber, InputRatio, CreatedDate, CreatedByUserId, LastUpdatedDate, LastUpdatedByUserId) values ('SPACEX LCF TOP PART A', '4300A', 1, 0.63620, '2022-06-06T14:24:48', 'admin', '2022-06-24T15:03:27', 'Michelle Saito')
insert CoatingComponentInput (OutputReferenceNumber, InputReferenceNumber, InputStageNumber, InputRatio, CreatedDate, CreatedByUserId, LastUpdatedDate, LastUpdatedByUserId) values ('SPACEX LCF TOP PART A', 'RBL-9119', 1, 0.32920, '2022-06-06T14:24:48', 'admin', '2022-06-24T15:03:27', 'Michelle Saito')
insert CoatingComponentInput (OutputReferenceNumber, InputReferenceNumber, InputStageNumber, InputRatio, CreatedDate, CreatedByUserId, LastUpdatedDate, LastUpdatedByUserId) values ('SPACEX LCF TOP PART A', 'SXBLACK', 1, 0.01650, '2022-06-06T14:24:48', 'admin', '2022-06-24T15:03:27', 'Michelle Saito')
insert CoatingComponentInput (OutputReferenceNumber, InputReferenceNumber, InputStageNumber, InputRatio, CreatedDate, CreatedByUserId, LastUpdatedDate, LastUpdatedByUserId) values ('SPACEX LCF TOP PART A', 'SXFBR-P251Q', 1, 0.01810, '2022-06-06T14:24:48', 'admin', '2022-06-24T15:03:27', 'Michelle Saito')
insert CoatingComponentInput (OutputReferenceNumber, InputReferenceNumber, InputStageNumber, InputRatio, CreatedDate, CreatedByUserId, LastUpdatedDate, LastUpdatedByUserId) values ('SPACEX LCF TOP PART B', '4300B', 1, 0.38650, '2022-06-06T14:24:48', 'admin', '2022-06-24T15:03:30', 'Michelle Saito')
insert CoatingComponentInput (OutputReferenceNumber, InputReferenceNumber, InputStageNumber, InputRatio, CreatedDate, CreatedByUserId, LastUpdatedDate, LastUpdatedByUserId) values ('SPACEX LCF TOP PART B', 'SPACEX LCF TOP PART A', 1, 0.60750, '2022-06-06T14:24:48', 'admin', '2022-06-24T15:03:30', 'Michelle Saito')
insert CoatingComponentInput (OutputReferenceNumber, InputReferenceNumber, InputStageNumber, InputRatio, CreatedDate, CreatedByUserId, LastUpdatedDate, LastUpdatedByUserId) values ('SPACEX LCF TOP PART B', 'SX_6-3570', 1, 0.00600, '2022-06-06T14:24:48', 'admin', '2022-06-24T15:03:30', 'Michelle Saito')
insert CoatingComponentInput (OutputReferenceNumber, InputReferenceNumber, InputStageNumber, InputRatio, CreatedDate, CreatedByUserId, LastUpdatedDate, LastUpdatedByUserId) values ('SPACEX SYLGARD TOP PART A', 'SXBASE', 1, 0.95050, '2022-06-06T14:24:48', 'admin', '2022-06-06T14:24:48', 'admin')
insert CoatingComponentInput (OutputReferenceNumber, InputReferenceNumber, InputStageNumber, InputRatio, CreatedDate, CreatedByUserId, LastUpdatedDate, LastUpdatedByUserId) values ('SPACEX SYLGARD TOP PART A', 'SXBLACK', 1, 0.02360, '2022-06-06T14:24:48', 'admin', '2022-06-06T14:24:48', 'admin')
insert CoatingComponentInput (OutputReferenceNumber, InputReferenceNumber, InputStageNumber, InputRatio, CreatedDate, CreatedByUserId, LastUpdatedDate, LastUpdatedByUserId) values ('SPACEX SYLGARD TOP PART A', 'SXFBR-P251Q', 1, 0.02590, '2022-06-06T14:24:48', 'admin', '2022-06-06T14:24:48', 'admin')
insert CoatingComponentInput (OutputReferenceNumber, InputReferenceNumber, InputStageNumber, InputRatio, CreatedDate, CreatedByUserId, LastUpdatedDate, LastUpdatedByUserId) values ('SPACEX SYLGARD TOP PART B', 'SPACEX SYLGARD TOP PART A', 1, 0.42530, '2022-06-06T14:24:48', 'admin', '2022-06-06T14:24:48', 'admin')
insert CoatingComponentInput (OutputReferenceNumber, InputReferenceNumber, InputStageNumber, InputRatio, CreatedDate, CreatedByUserId, LastUpdatedDate, LastUpdatedByUserId) values ('SPACEX SYLGARD TOP PART B', 'SXBASE', 2, 0.48670, '2022-06-06T14:24:48', 'admin', '2022-06-06T14:24:48', 'admin')
insert CoatingComponentInput (OutputReferenceNumber, InputReferenceNumber, InputStageNumber, InputRatio, CreatedDate, CreatedByUserId, LastUpdatedDate, LastUpdatedByUserId) values ('SPACEX SYLGARD TOP PART B', 'SXCURE', 1, 0.08800, '2022-06-06T14:24:48', 'admin', '2022-06-06T14:24:48', 'admin')
insert CoatingComponentInput (OutputReferenceNumber, InputReferenceNumber, InputStageNumber, InputRatio, CreatedDate, CreatedByUserId, LastUpdatedDate, LastUpdatedByUserId) values ('SPACEX WHITE CONDUCTIVE PART A', '4300A', 1, 0.31140, '2022-06-06T14:24:48', 'admin', '2022-06-06T14:24:48', 'admin')
insert CoatingComponentInput (OutputReferenceNumber, InputReferenceNumber, InputStageNumber, InputRatio, CreatedDate, CreatedByUserId, LastUpdatedDate, LastUpdatedByUserId) values ('SPACEX WHITE CONDUCTIVE PART A', 'FG-329', 1, 0.03800, '2022-06-06T14:24:48', 'admin', '2022-06-06T14:24:48', 'admin')
insert CoatingComponentInput (OutputReferenceNumber, InputReferenceNumber, InputStageNumber, InputRatio, CreatedDate, CreatedByUserId, LastUpdatedDate, LastUpdatedByUserId) values ('SPACEX WHITE CONDUCTIVE PART A', 'RBL-9119', 1, 0.25230, '2022-06-06T14:24:48', 'admin', '2022-06-06T14:24:48', 'admin')
insert CoatingComponentInput (OutputReferenceNumber, InputReferenceNumber, InputStageNumber, InputRatio, CreatedDate, CreatedByUserId, LastUpdatedDate, LastUpdatedByUserId) values ('SPACEX WHITE CONDUCTIVE PART A', 'SXFBR-P251Q', 1, 0.01830, '2022-06-06T14:24:48', 'admin', '2022-06-06T14:24:48', 'admin')
insert CoatingComponentInput (OutputReferenceNumber, InputReferenceNumber, InputStageNumber, InputRatio, CreatedDate, CreatedByUserId, LastUpdatedDate, LastUpdatedByUserId) values ('SPACEX WHITE CONDUCTIVE PART A', 'SX_TIDI', 1, 0.38000, '2022-06-06T14:24:48', 'admin', '2022-06-06T14:24:48', 'admin')
insert CoatingComponentInput (OutputReferenceNumber, InputReferenceNumber, InputStageNumber, InputRatio, CreatedDate, CreatedByUserId, LastUpdatedDate, LastUpdatedByUserId) values ('SPACEX WHITE CONDUCTIVE PART B', '4300B', 1, 0.23620, '2022-06-06T14:24:48', 'admin', '2022-06-06T14:24:48', 'admin')
insert CoatingComponentInput (OutputReferenceNumber, InputReferenceNumber, InputStageNumber, InputRatio, CreatedDate, CreatedByUserId, LastUpdatedDate, LastUpdatedByUserId) values ('SPACEX WHITE CONDUCTIVE PART B', 'SPACEX WHITE CONDUCTIVE PART A', 1, 0.75860, '2022-06-06T14:24:48', 'admin', '2022-06-06T14:24:48', 'admin')
insert CoatingComponentInput (OutputReferenceNumber, InputReferenceNumber, InputStageNumber, InputRatio, CreatedDate, CreatedByUserId, LastUpdatedDate, LastUpdatedByUserId) values ('SPACEX WHITE CONDUCTIVE PART B', 'SX_6-3570', 1, 0.00520, '2022-06-06T14:24:48', 'admin', '2022-06-06T14:24:48', 'admin')
insert CoatingComponentInput (OutputReferenceNumber, InputReferenceNumber, InputStageNumber, InputRatio, CreatedDate, CreatedByUserId, LastUpdatedDate, LastUpdatedByUserId) values ('SX LCF BLK P1', '4300A', 1, 0.63620, '2022-06-24T14:57:13', 'Michelle Saito', '2022-06-24T14:57:13', 'Michelle Saito')
insert CoatingComponentInput (OutputReferenceNumber, InputReferenceNumber, InputStageNumber, InputRatio, CreatedDate, CreatedByUserId, LastUpdatedDate, LastUpdatedByUserId) values ('SX LCF BLK P1', 'RBL-9119', 1, 0.32920, '2022-06-24T14:57:13', 'Michelle Saito', '2022-06-24T14:57:13', 'Michelle Saito')
insert CoatingComponentInput (OutputReferenceNumber, InputReferenceNumber, InputStageNumber, InputRatio, CreatedDate, CreatedByUserId, LastUpdatedDate, LastUpdatedByUserId) values ('SX LCF BLK P1', 'SXBLACK', 1, 0.01650, '2022-06-24T14:57:13', 'Michelle Saito', '2022-06-24T14:57:13', 'Michelle Saito')
insert CoatingComponentInput (OutputReferenceNumber, InputReferenceNumber, InputStageNumber, InputRatio, CreatedDate, CreatedByUserId, LastUpdatedDate, LastUpdatedByUserId) values ('SX LCF BLK P1', 'SXFBR-P251Q', 1, 0.01810, '2022-06-24T14:57:13', 'Michelle Saito', '2022-06-24T14:57:13', 'Michelle Saito')
insert CoatingComponentInput (OutputReferenceNumber, InputReferenceNumber, InputStageNumber, InputRatio, CreatedDate, CreatedByUserId, LastUpdatedDate, LastUpdatedByUserId) values ('SX LCF BLK P2', '4300B', 2, 0.38650, '2022-06-24T14:59:19', 'Michelle Saito', '2022-06-24T14:59:19', 'Michelle Saito')
insert CoatingComponentInput (OutputReferenceNumber, InputReferenceNumber, InputStageNumber, InputRatio, CreatedDate, CreatedByUserId, LastUpdatedDate, LastUpdatedByUserId) values ('SX LCF BLK P2', 'SX LCF BLK P1', 1, 0.60750, '2022-06-24T14:59:19', 'Michelle Saito', '2022-06-24T14:59:19', 'Michelle Saito')
insert CoatingComponentInput (OutputReferenceNumber, InputReferenceNumber, InputStageNumber, InputRatio, CreatedDate, CreatedByUserId, LastUpdatedDate, LastUpdatedByUserId) values ('SX LCF BLK P2', 'SX_6-3570', 1, 0.00600, '2022-06-24T14:59:19', 'Michelle Saito', '2022-06-24T14:59:19', 'Michelle Saito')
insert CoatingComponentInput (OutputReferenceNumber, InputReferenceNumber, InputStageNumber, InputRatio, CreatedDate, CreatedByUserId, LastUpdatedDate, LastUpdatedByUserId) values ('X233-KV', '3013', 1, 0.00155, '2022-09-28T17:51:29', 'Michelle Saito', '2022-09-28T17:51:29', 'Michelle Saito')
insert CoatingComponentInput (OutputReferenceNumber, InputReferenceNumber, InputStageNumber, InputRatio, CreatedDate, CreatedByUserId, LastUpdatedDate, LastUpdatedByUserId) values ('X233-KV', '3035', 1, 0.01837, '2022-09-28T17:51:29', 'Michelle Saito', '2022-09-28T17:51:29', 'Michelle Saito')
insert CoatingComponentInput (OutputReferenceNumber, InputReferenceNumber, InputStageNumber, InputRatio, CreatedDate, CreatedByUserId, LastUpdatedDate, LastUpdatedByUserId) values ('X233-KV', '3062', 1, 0.00651, '2022-09-28T17:51:29', 'Michelle Saito', '2022-09-28T17:51:29', 'Michelle Saito')
insert CoatingComponentInput (OutputReferenceNumber, InputReferenceNumber, InputStageNumber, InputRatio, CreatedDate, CreatedByUserId, LastUpdatedDate, LastUpdatedByUserId) values ('X233-KV', '3068', 1, 0.02744, '2022-09-28T17:51:29', 'Michelle Saito', '2022-09-28T17:51:29', 'Michelle Saito')
insert CoatingComponentInput (OutputReferenceNumber, InputReferenceNumber, InputStageNumber, InputRatio, CreatedDate, CreatedByUserId, LastUpdatedDate, LastUpdatedByUserId) values ('X233-KV', '3094', 1, 0.00346, '2022-09-28T17:51:29', 'Michelle Saito', '2022-09-28T17:51:29', 'Michelle Saito')
insert CoatingComponentInput (OutputReferenceNumber, InputReferenceNumber, InputStageNumber, InputRatio, CreatedDate, CreatedByUserId, LastUpdatedDate, LastUpdatedByUserId) values ('X233-KV', '3110', 1, 0.54400, '2022-09-28T17:51:29', 'Michelle Saito', '2022-09-28T17:51:29', 'Michelle Saito')
insert CoatingComponentInput (OutputReferenceNumber, InputReferenceNumber, InputStageNumber, InputRatio, CreatedDate, CreatedByUserId, LastUpdatedDate, LastUpdatedByUserId) values ('X233-KV', '3117', 1, 0.00298, '2022-09-28T17:51:29', 'Michelle Saito', '2022-09-28T17:51:29', 'Michelle Saito')
insert CoatingComponentInput (OutputReferenceNumber, InputReferenceNumber, InputStageNumber, InputRatio, CreatedDate, CreatedByUserId, LastUpdatedDate, LastUpdatedByUserId) values ('X233-KV', '3118', 1, 0.00382, '2022-09-28T17:51:29', 'Michelle Saito', '2022-09-28T17:51:29', 'Michelle Saito')
insert CoatingComponentInput (OutputReferenceNumber, InputReferenceNumber, InputStageNumber, InputRatio, CreatedDate, CreatedByUserId, LastUpdatedDate, LastUpdatedByUserId) values ('X233-KV', '3119', 1, 0.00417, '2022-09-28T17:51:29', 'Michelle Saito', '2022-09-28T17:51:29', 'Michelle Saito')
insert CoatingComponentInput (OutputReferenceNumber, InputReferenceNumber, InputStageNumber, InputRatio, CreatedDate, CreatedByUserId, LastUpdatedDate, LastUpdatedByUserId) values ('X233-KV', '3120', 1, 0.38413, '2022-09-28T17:51:29', 'Michelle Saito', '2022-09-28T17:51:29', 'Michelle Saito')
